cveId,state,assignerShortName,datePublished,baseScore
CVE-2000-0001,PUBLISHED,mitre,2000-07-12T04:00:00,N/A
CVE-2000-0002,PUBLISHED,mitre,2000-10-13T04:00:00,N/A
CVE-2000-0003,PUBLISHED,mitre,2000-03-22T05:00:00,N/A
CVE-2000-0004,PUBLISHED,mitre,2000-06-02T04:00:00,N/A
CVE-2000-0005,PUBLISHED,mitre,2000-02-04T05:00:00,N/A
CVE-2000-0006,PUBLISHED,mitre,2002-03-09T05:00:00,N/A
CVE-2000-0007,PUBLISHED,mitre,2002-03-09T05:00:00,N/A
CVE-2000-0008,PUBLISHED,mitre,2000-02-04T05:00:00,N/A
CVE-2000-0009,PUBLISHED,mitre,2000-10-13T04:00:00,N/A
CVE-2000-0010,PUBLISHED,mitre,2000-04-25T04:00:00,N/A
CVE-2000-0011,PUBLISHED,mitre,2000-07-12T04:00:00,N/A
CVE-2000-0012,PUBLISHED,mitre,2000-04-25T04:00:00,N/A
CVE-2000-0013,PUBLISHED,mitre,2000-07-12T04:00:00,N/A
CVE-2000-0014,PUBLISHED,mitre,2000-04-25T04:00:00,N/A
CVE-2000-0015,PUBLISHED,mitre,2000-07-12T04:00:00,N/A
CVE-2000-0016,PUBLISHED,mitre,2000-02-04T05:00:00,N/A
CVE-2000-0017,PUBLISHED,mitre,2000-02-04T05:00:00,N/A
CVE-2000-0018,PUBLISHED,mitre,2000-07-12T04:00:00,N/A
CVE-2000-0019,PUBLISHED,mitre,2000-02-04T05:00:00,N/A
CVE-2000-0020,PUBLISHED,mitre,2000-04-25T04:00:00,N/A
CVE-2000-0021,PUBLISHED,mitre,2000-02-04T05:00:00,N/A
CVE-2000-0022,PUBLISHED,mitre,2000-03-22T05:00:00,N/A
CVE-2000-0023,PUBLISHED,mitre,2000-03-22T05:00:00,N/A
CVE-2000-0024,PUBLISHED,mitre,2000-04-25T04:00:00,N/A
CVE-2000-0025,PUBLISHED,mitre,2000-03-22T05:00:00,N/A
CVE-2000-0026,PUBLISHED,mitre,2000-03-22T05:00:00,N/A
CVE-2000-0027,PUBLISHED,mitre,2002-03-09T05:00:00,N/A
CVE-2000-0028,PUBLISHED,mitre,2000-02-04T05:00:00,N/A
CVE-2000-0029,PUBLISHED,mitre,2000-03-22T05:00:00,N/A
CVE-2000-0030,PUBLISHED,mitre,2000-07-12T04:00:00,N/A
CVE-2000-0031,PUBLISHED,mitre,2000-03-22T05:00:00,N/A
CVE-2000-0032,PUBLISHED,mitre,2000-07-12T04:00:00,N/A
CVE-2000-0033,PUBLISHED,mitre,2000-04-25T04:00:00,N/A
CVE-2000-0034,PUBLISHED,mitre,2000-07-12T04:00:00,N/A
CVE-2000-0035,PUBLISHED,mitre,2000-02-04T05:00:00,N/A
CVE-2000-0036,PUBLISHED,mitre,2000-03-22T05:00:00,N/A
CVE-2000-0037,PUBLISHED,mitre,2000-03-22T05:00:00,N/A
CVE-2000-0038,PUBLISHED,mitre,2000-02-04T05:00:00,N/A
CVE-2000-0039,PUBLISHED,mitre,2000-03-22T05:00:00,N/A
CVE-2000-0040,PUBLISHED,mitre,2000-03-22T05:00:00,N/A
CVE-2000-0041,PUBLISHED,mitre,2000-03-22T05:00:00,N/A
CVE-2000-0042,PUBLISHED,mitre,2000-04-25T04:00:00,N/A
CVE-2000-0043,PUBLISHED,mitre,2000-04-25T04:00:00,N/A
CVE-2000-0044,PUBLISHED,mitre,2000-04-18T04:00:00,N/A
CVE-2000-0045,PUBLISHED,mitre,2000-07-12T04:00:00,N/A
CVE-2000-0046,PUBLISHED,mitre,2000-02-04T05:00:00,N/A
CVE-2000-0047,PUBLISHED,mitre,2000-02-04T05:00:00,N/A
CVE-2000-0048,PUBLISHED,mitre,2001-01-22T05:00:00,N/A
CVE-2000-0049,PUBLISHED,mitre,2000-02-04T05:00:00,N/A
CVE-2000-0050,PUBLISHED,mitre,2000-04-25T04:00:00,N/A
CVE-2000-0051,PUBLISHED,mitre,2000-04-25T04:00:00,N/A
CVE-2000-0052,PUBLISHED,mitre,2000-04-18T04:00:00,N/A
CVE-2000-0053,PUBLISHED,mitre,2000-04-18T04:00:00,N/A
CVE-2000-0054,PUBLISHED,mitre,2000-02-04T05:00:00,N/A
CVE-2000-0055,PUBLISHED,mitre,2000-02-04T05:00:00,N/A
CVE-2000-0056,PUBLISHED,mitre,2000-10-13T04:00:00,N/A
CVE-2000-0057,PUBLISHED,mitre,2000-04-18T04:00:00,N/A
CVE-2000-0058,PUBLISHED,mitre,2000-02-04T05:00:00,N/A
CVE-2000-0059,PUBLISHED,mitre,2000-02-04T05:00:00,N/A
CVE-2000-0060,PUBLISHED,mitre,2002-06-25T04:00:00,N/A
CVE-2000-0061,PUBLISHED,mitre,2000-02-04T05:00:00,N/A
CVE-2000-0062,PUBLISHED,mitre,2000-04-18T04:00:00,N/A
CVE-2000-0063,PUBLISHED,mitre,2000-10-13T04:00:00,N/A
CVE-2000-0064,PUBLISHED,mitre,2000-10-13T04:00:00,N/A
CVE-2000-0065,PUBLISHED,mitre,2000-10-13T04:00:00,N/A
CVE-2000-0066,PUBLISHED,mitre,2000-02-04T05:00:00,N/A
CVE-2000-0067,PUBLISHED,mitre,2000-02-04T05:00:00,N/A
CVE-2000-0068,PUBLISHED,mitre,2000-02-04T05:00:00,N/A
CVE-2000-0069,PUBLISHED,mitre,2000-02-04T05:00:00,N/A
CVE-2000-0070,PUBLISHED,mitre,2000-04-25T04:00:00,N/A
CVE-2000-0071,PUBLISHED,mitre,2000-02-04T05:00:00,N/A
CVE-2000-0072,PUBLISHED,mitre,2002-06-25T04:00:00,N/A
CVE-2000-0073,PUBLISHED,mitre,2000-04-18T04:00:00,N/A
CVE-2000-0074,PUBLISHED,mitre,2000-02-04T05:00:00,N/A
CVE-2000-0075,PUBLISHED,mitre,2000-10-13T04:00:00,N/A
CVE-2000-0076,PUBLISHED,mitre,2000-10-13T04:00:00,N/A
CVE-2000-0077,PUBLISHED,mitre,2000-02-04T05:00:00,N/A
CVE-2000-0078,PUBLISHED,mitre,2000-02-04T05:00:00,N/A
CVE-2000-0079,PUBLISHED,mitre,2000-02-04T05:00:00,N/A
CVE-2000-0080,PUBLISHED,mitre,2001-01-22T05:00:00,N/A
CVE-2000-0081,PUBLISHED,mitre,2000-02-04T05:00:00,N/A
CVE-2000-0082,PUBLISHED,mitre,2000-02-04T05:00:00,N/A
CVE-2000-0083,PUBLISHED,mitre,2000-04-18T04:00:00,N/A
CVE-2000-0084,PUBLISHED,mitre,2000-02-04T05:00:00,N/A
CVE-2000-0085,PUBLISHED,mitre,2000-02-04T05:00:00,N/A
CVE-2000-0086,PUBLISHED,mitre,2000-02-04T05:00:00,N/A
CVE-2000-0087,PUBLISHED,mitre,2002-06-25T04:00:00,N/A
CVE-2000-0088,PUBLISHED,mitre,2000-03-22T05:00:00,N/A
CVE-2000-0089,PUBLISHED,mitre,2000-03-22T05:00:00,N/A
CVE-2000-0090,PUBLISHED,mitre,2000-10-13T04:00:00,N/A
CVE-2000-0091,PUBLISHED,mitre,2000-04-18T04:00:00,N/A
CVE-2000-0092,PUBLISHED,mitre,2000-07-12T04:00:00,N/A
CVE-2000-0093,PUBLISHED,mitre,2000-02-08T05:00:00,N/A
CVE-2000-0094,PUBLISHED,mitre,2000-10-13T04:00:00,N/A
CVE-2000-0095,PUBLISHED,mitre,2000-04-18T04:00:00,N/A
CVE-2000-0096,PUBLISHED,mitre,2000-02-08T05:00:00,N/A
CVE-2000-0097,PUBLISHED,mitre,2000-03-22T05:00:00,N/A
CVE-2000-0098,PUBLISHED,mitre,2000-03-22T05:00:00,N/A
CVE-2000-0099,PUBLISHED,mitre,2000-04-18T04:00:00,N/A
CVE-2000-0100,PUBLISHED,mitre,2000-04-18T04:00:00,N/A
CVE-2000-0101,PUBLISHED,mitre,2000-02-08T05:00:00,N/A
CVE-2000-0102,PUBLISHED,mitre,2000-02-08T05:00:00,N/A
CVE-2000-0103,PUBLISHED,mitre,2000-02-08T05:00:00,N/A
CVE-2000-0104,PUBLISHED,mitre,2000-02-08T05:00:00,N/A
CVE-2000-0105,PUBLISHED,mitre,2000-02-08T05:00:00,N/A
CVE-2000-0106,PUBLISHED,mitre,2000-02-08T05:00:00,N/A
CVE-2000-0107,PUBLISHED,mitre,2000-04-18T04:00:00,N/A
CVE-2000-0108,PUBLISHED,mitre,2000-02-08T05:00:00,N/A
CVE-2000-0109,PUBLISHED,mitre,2000-02-08T05:00:00,N/A
CVE-2000-0110,PUBLISHED,mitre,2000-02-08T05:00:00,N/A
CVE-2000-0111,PUBLISHED,mitre,2001-01-22T05:00:00,N/A
CVE-2000-0112,PUBLISHED,mitre,2000-04-25T04:00:00,N/A
CVE-2000-0113,PUBLISHED,mitre,2000-06-02T04:00:00,N/A
CVE-2000-0114,PUBLISHED,mitre,2000-02-08T05:00:00,N/A
CVE-2000-0115,PUBLISHED,mitre,2000-02-08T05:00:00,N/A
CVE-2000-0116,PUBLISHED,mitre,2000-10-13T04:00:00,N/A
CVE-2000-0117,PUBLISHED,mitre,2000-10-13T04:00:00,N/A
CVE-2000-0118,PUBLISHED,mitre,2000-02-08T05:00:00,N/A
CVE-2000-0119,PUBLISHED,mitre,2000-02-08T05:00:00,N/A
CVE-2000-0120,PUBLISHED,mitre,2001-05-07T04:00:00,N/A
CVE-2000-0121,PUBLISHED,mitre,2000-03-22T05:00:00,N/A
CVE-2000-0122,PUBLISHED,mitre,2000-02-08T05:00:00,N/A
CVE-2000-0123,PUBLISHED,mitre,2000-02-08T05:00:00,N/A
CVE-2000-0124,PUBLISHED,mitre,2000-02-08T05:00:00,N/A
CVE-2000-0125,PUBLISHED,mitre,2000-02-08T05:00:00,N/A
CVE-2000-0126,PUBLISHED,mitre,2000-02-08T05:00:00,N/A
CVE-2000-0127,PUBLISHED,mitre,2000-10-13T04:00:00,N/A
CVE-2000-0128,PUBLISHED,mitre,2000-10-13T04:00:00,N/A
CVE-2000-0129,PUBLISHED,mitre,2000-02-08T05:00:00,N/A
CVE-2000-0130,PUBLISHED,mitre,2000-10-13T04:00:00,N/A
CVE-2000-0131,PUBLISHED,mitre,2000-04-18T04:00:00,N/A
CVE-2000-0132,PUBLISHED,mitre,2000-02-08T05:00:00,N/A
CVE-2000-0133,PUBLISHED,mitre,2000-02-08T05:00:00,N/A
CVE-2000-0134,PUBLISHED,mitre,2000-02-08T05:00:00,N/A
CVE-2000-0135,PUBLISHED,mitre,2000-02-08T05:00:00,N/A
CVE-2000-0136,PUBLISHED,mitre,2000-02-08T05:00:00,N/A
CVE-2000-0137,PUBLISHED,mitre,2000-02-08T05:00:00,N/A
CVE-2000-0138,PUBLISHED,mitre,2000-02-15T05:00:00,N/A
CVE-2000-0139,PUBLISHED,mitre,2000-03-22T05:00:00,N/A
CVE-2000-0140,PUBLISHED,mitre,2000-04-18T04:00:00,N/A
CVE-2000-0141,PUBLISHED,mitre,2000-10-13T04:00:00,N/A
CVE-2000-0142,PUBLISHED,mitre,2000-02-16T05:00:00,N/A
CVE-2000-0143,PUBLISHED,mitre,2000-02-16T05:00:00,N/A
CVE-2000-0144,PUBLISHED,mitre,2000-04-18T04:00:00,N/A
CVE-2000-0145,PUBLISHED,mitre,2000-03-22T05:00:00,N/A
CVE-2000-0146,PUBLISHED,mitre,2000-10-13T04:00:00,N/A
CVE-2000-0147,PUBLISHED,mitre,2000-02-16T05:00:00,N/A
CVE-2000-0148,PUBLISHED,mitre,2000-03-22T05:00:00,N/A
CVE-2000-0149,PUBLISHED,mitre,2000-03-22T05:00:00,N/A
CVE-2000-0150,PUBLISHED,mitre,2000-03-22T05:00:00,N/A
CVE-2000-0151,PUBLISHED,mitre,2000-02-16T05:00:00,N/A
CVE-2000-0152,PUBLISHED,mitre,2000-03-22T05:00:00,N/A
CVE-2000-0153,PUBLISHED,mitre,2000-02-23T05:00:00,N/A
CVE-2000-0154,PUBLISHED,mitre,2000-02-23T05:00:00,N/A
CVE-2000-0155,PUBLISHED,mitre,2000-02-23T05:00:00,N/A
CVE-2000-0156,PUBLISHED,mitre,2000-03-22T05:00:00,N/A
CVE-2000-0157,PUBLISHED,mitre,2000-07-12T04:00:00,N/A
CVE-2000-0158,PUBLISHED,mitre,2000-02-23T05:00:00,N/A
CVE-2000-0159,PUBLISHED,mitre,2000-04-18T04:00:00,N/A
CVE-2000-0160,PUBLISHED,mitre,2000-02-23T05:00:00,N/A
CVE-2000-0161,PUBLISHED,mitre,2000-03-22T05:00:00,N/A
CVE-2000-0162,PUBLISHED,mitre,2000-03-22T05:00:00,N/A
CVE-2000-0163,PUBLISHED,mitre,2000-02-23T05:00:00,N/A
CVE-2000-0164,PUBLISHED,mitre,2000-10-13T04:00:00,N/A
CVE-2000-0165,PUBLISHED,mitre,2000-04-25T04:00:00,N/A
CVE-2000-0166,PUBLISHED,mitre,2000-10-13T04:00:00,N/A
CVE-2000-0167,PUBLISHED,mitre,2000-02-23T05:00:00,N/A
CVE-2000-0168,PUBLISHED,mitre,2000-07-12T04:00:00,N/A
CVE-2000-0169,PUBLISHED,mitre,2000-06-02T04:00:00,N/A
CVE-2000-0170,PUBLISHED,mitre,2000-04-10T04:00:00,N/A
CVE-2000-0171,PUBLISHED,mitre,2000-06-02T04:00:00,N/A
CVE-2000-0172,PUBLISHED,mitre,2000-04-10T04:00:00,N/A
CVE-2000-0173,PUBLISHED,mitre,2000-03-22T05:00:00,N/A
CVE-2000-0174,PUBLISHED,mitre,2000-07-12T04:00:00,N/A
CVE-2000-0175,PUBLISHED,mitre,2000-07-12T04:00:00,N/A
CVE-2000-0176,PUBLISHED,mitre,2000-03-22T05:00:00,N/A
CVE-2000-0177,PUBLISHED,mitre,2000-03-22T05:00:00,N/A
CVE-2000-0178,PUBLISHED,mitre,2000-04-10T04:00:00,N/A
CVE-2000-0179,PUBLISHED,mitre,2000-10-13T04:00:00,N/A
CVE-2000-0180,PUBLISHED,mitre,2002-03-09T05:00:00,N/A
CVE-2000-0181,PUBLISHED,mitre,2000-04-25T04:00:00,N/A
CVE-2000-0182,PUBLISHED,mitre,2000-04-10T04:00:00,N/A
CVE-2000-0183,PUBLISHED,mitre,2000-04-18T04:00:00,N/A
CVE-2000-0184,PUBLISHED,mitre,2000-04-25T04:00:00,N/A
CVE-2000-0185,PUBLISHED,mitre,2000-04-25T04:00:00,N/A
CVE-2000-0186,PUBLISHED,mitre,2000-04-10T04:00:00,N/A
CVE-2000-0187,PUBLISHED,mitre,2000-03-22T05:00:00,N/A
CVE-2000-0188,PUBLISHED,mitre,2000-03-22T05:00:00,N/A
CVE-2000-0189,PUBLISHED,mitre,2000-04-10T04:00:00,N/A
CVE-2000-0190,PUBLISHED,mitre,2000-03-22T05:00:00,N/A
CVE-2000-0191,PUBLISHED,mitre,2000-10-13T04:00:00,N/A
CVE-2000-0192,PUBLISHED,mitre,2000-04-25T04:00:00,N/A
CVE-2000-0193,PUBLISHED,mitre,2000-10-13T04:00:00,N/A
CVE-2000-0194,PUBLISHED,mitre,2000-04-10T04:00:00,N/A
CVE-2000-0195,PUBLISHED,mitre,2000-07-12T04:00:00,N/A
CVE-2000-0196,PUBLISHED,mitre,2000-04-10T04:00:00,N/A
CVE-2000-0197,PUBLISHED,mitre,2000-03-22T05:00:00,N/A
CVE-2000-0198,PUBLISHED,mitre,2000-03-22T05:00:00,N/A
CVE-2000-0199,PUBLISHED,mitre,2000-03-22T05:00:00,N/A
CVE-2000-0200,PUBLISHED,mitre,2000-04-10T04:00:00,N/A
CVE-2000-0201,PUBLISHED,mitre,2000-04-10T04:00:00,N/A
CVE-2000-0202,PUBLISHED,mitre,2000-04-10T04:00:00,N/A
CVE-2000-0203,PUBLISHED,mitre,2000-03-22T05:00:00,N/A
CVE-2000-0204,PUBLISHED,mitre,2000-03-22T05:00:00,N/A
CVE-2000-0205,PUBLISHED,mitre,2000-03-22T05:00:00,N/A
CVE-2000-0206,PUBLISHED,mitre,2000-04-25T04:00:00,N/A
CVE-2000-0207,PUBLISHED,mitre,2000-04-10T04:00:00,N/A
CVE-2000-0208,PUBLISHED,mitre,2000-04-10T04:00:00,N/A
CVE-2000-0209,PUBLISHED,mitre,2000-04-10T04:00:00,N/A
CVE-2000-0210,PUBLISHED,mitre,2000-04-10T04:00:00,N/A
CVE-2000-0211,PUBLISHED,mitre,2000-04-10T04:00:00,N/A
CVE-2000-0212,PUBLISHED,mitre,2000-04-10T04:00:00,N/A
CVE-2000-0213,PUBLISHED,mitre,2000-03-22T05:00:00,N/A
CVE-2000-0214,PUBLISHED,mitre,2000-03-22T05:00:00,N/A
CVE-2000-0215,PUBLISHED,mitre,2000-04-10T04:00:00,N/A
CVE-2000-0216,PUBLISHED,mitre,2000-03-22T05:00:00,N/A
CVE-2000-0217,PUBLISHED,mitre,2000-04-10T04:00:00,N/A
CVE-2000-0218,PUBLISHED,mitre,2000-04-10T04:00:00,N/A
CVE-2000-0219,PUBLISHED,mitre,2000-03-22T05:00:00,N/A
CVE-2000-0220,PUBLISHED,mitre,2000-03-22T05:00:00,N/A
CVE-2000-0221,PUBLISHED,mitre,2000-04-10T04:00:00,N/A
CVE-2000-0222,PUBLISHED,mitre,2000-04-10T04:00:00,N/A
CVE-2000-0223,PUBLISHED,mitre,2000-04-25T04:00:00,N/A
CVE-2000-0224,PUBLISHED,mitre,2000-04-10T04:00:00,N/A
CVE-2000-0225,PUBLISHED,mitre,2000-10-13T04:00:00,N/A
CVE-2000-0226,PUBLISHED,mitre,2000-06-02T04:00:00,N/A
CVE-2000-0227,PUBLISHED,mitre,2000-04-12T04:00:00,N/A
CVE-2000-0228,PUBLISHED,mitre,2000-06-02T04:00:00,N/A
CVE-2000-0229,PUBLISHED,mitre,2000-06-02T04:00:00,N/A
CVE-2000-0230,PUBLISHED,mitre,2000-06-02T04:00:00,N/A
CVE-2000-0231,PUBLISHED,mitre,2000-06-02T04:00:00,N/A
CVE-2000-0232,PUBLISHED,mitre,2000-06-02T04:00:00,N/A
CVE-2000-0233,PUBLISHED,mitre,2000-06-02T04:00:00,N/A
CVE-2000-0234,PUBLISHED,mitre,2000-06-02T04:00:00,N/A
CVE-2000-0235,PUBLISHED,mitre,2000-06-02T04:00:00,N/A
CVE-2000-0236,PUBLISHED,mitre,2000-07-12T04:00:00,N/A
CVE-2000-0237,PUBLISHED,mitre,2000-10-13T04:00:00,N/A
CVE-2000-0238,PUBLISHED,mitre,2000-10-13T04:00:00,N/A
CVE-2000-0239,PUBLISHED,mitre,2000-04-12T04:00:00,N/A
CVE-2000-0240,PUBLISHED,mitre,2000-10-13T04:00:00,N/A
CVE-2000-0241,PUBLISHED,mitre,2000-04-12T04:00:00,N/A
CVE-2000-0242,PUBLISHED,mitre,2000-04-12T04:00:00,N/A
CVE-2000-0243,PUBLISHED,mitre,2001-09-18T04:00:00,N/A
CVE-2000-0244,PUBLISHED,mitre,2000-04-12T04:00:00,N/A
CVE-2000-0245,PUBLISHED,mitre,2000-06-02T04:00:00,N/A
CVE-2000-0246,PUBLISHED,mitre,2000-06-02T04:00:00,N/A
CVE-2000-0247,PUBLISHED,mitre,2004-09-01T04:00:00,N/A
CVE-2000-0248,PUBLISHED,mitre,2000-04-26T04:00:00,N/A
CVE-2000-0249,PUBLISHED,mitre,2000-07-12T04:00:00,N/A
CVE-2000-0250,PUBLISHED,mitre,2000-04-26T04:00:00,N/A
CVE-2000-0251,PUBLISHED,mitre,2000-07-12T04:00:00,N/A
CVE-2000-0252,PUBLISHED,mitre,2001-01-22T05:00:00,N/A
CVE-2000-0253,PUBLISHED,mitre,2001-01-22T05:00:00,N/A
CVE-2000-0254,PUBLISHED,mitre,2001-01-22T05:00:00,N/A
CVE-2000-0255,PUBLISHED,mitre,2001-01-22T05:00:00,N/A
CVE-2000-0256,PUBLISHED,mitre,2000-04-26T04:00:00,N/A
CVE-2000-0257,PUBLISHED,mitre,2000-10-13T04:00:00,N/A
CVE-2000-0258,PUBLISHED,mitre,2000-06-02T04:00:00,N/A
CVE-2000-0259,PUBLISHED,mitre,2000-04-26T04:00:00,N/A
CVE-2000-0260,PUBLISHED,mitre,2000-06-02T04:00:00,N/A
CVE-2000-0261,PUBLISHED,mitre,2000-07-12T04:00:00,N/A
CVE-2000-0262,PUBLISHED,mitre,2000-07-12T04:00:00,N/A
CVE-2000-0263,PUBLISHED,mitre,2000-10-13T04:00:00,N/A
CVE-2000-0264,PUBLISHED,mitre,2000-07-12T04:00:00,N/A
CVE-2000-0265,PUBLISHED,mitre,2000-10-13T04:00:00,N/A
CVE-2000-0266,PUBLISHED,mitre,2000-04-26T04:00:00,N/A
CVE-2000-0267,PUBLISHED,mitre,2000-06-02T04:00:00,N/A
CVE-2000-0268,PUBLISHED,mitre,2000-06-02T04:00:00,N/A
CVE-2000-0269,PUBLISHED,mitre,2000-04-26T04:00:00,N/A
CVE-2000-0270,PUBLISHED,mitre,2000-04-26T04:00:00,N/A
CVE-2000-0271,PUBLISHED,mitre,2000-04-26T04:00:00,N/A
CVE-2000-0272,PUBLISHED,mitre,2000-10-13T04:00:00,N/A
CVE-2000-0273,PUBLISHED,mitre,2000-10-13T04:00:00,N/A
CVE-2000-0274,PUBLISHED,mitre,2000-06-02T04:00:00,N/A
CVE-2000-0275,PUBLISHED,mitre,2000-04-26T04:00:00,N/A
CVE-2000-0276,PUBLISHED,mitre,2001-01-22T05:00:00,N/A
CVE-2000-0277,PUBLISHED,mitre,2000-06-02T04:00:00,N/A
CVE-2000-0278,PUBLISHED,mitre,2001-01-22T05:00:00,N/A
CVE-2000-0279,PUBLISHED,mitre,2000-07-12T04:00:00,N/A
CVE-2000-0280,PUBLISHED,mitre,2000-04-26T04:00:00,N/A
CVE-2000-0281,PUBLISHED,mitre,2000-04-26T04:00:00,N/A
CVE-2000-0282,PUBLISHED,mitre,2000-10-13T04:00:00,N/A
CVE-2000-0283,PUBLISHED,mitre,2001-01-22T05:00:00,N/A
CVE-2000-0284,PUBLISHED,mitre,2000-04-26T04:00:00,N/A
CVE-2000-0285,PUBLISHED,mitre,2000-10-13T04:00:00,N/A
CVE-2000-0286,PUBLISHED,mitre,2000-04-26T04:00:00,N/A
CVE-2000-0287,PUBLISHED,mitre,2001-01-22T05:00:00,N/A
CVE-2000-0288,PUBLISHED,mitre,2000-04-26T04:00:00,N/A
CVE-2000-0289,PUBLISHED,mitre,2000-10-13T04:00:00,N/A
CVE-2000-0290,PUBLISHED,mitre,2002-03-09T05:00:00,N/A
CVE-2000-0291,PUBLISHED,mitre,2000-04-26T04:00:00,N/A
CVE-2000-0292,PUBLISHED,mitre,2001-01-22T05:00:00,N/A
CVE-2000-0293,PUBLISHED,mitre,2000-04-26T04:00:00,N/A
CVE-2000-0294,PUBLISHED,mitre,2000-06-02T04:00:00,N/A
CVE-2000-0295,PUBLISHED,mitre,2000-04-26T04:00:00,N/A
CVE-2000-0296,PUBLISHED,mitre,2001-01-22T05:00:00,N/A
CVE-2000-0297,PUBLISHED,mitre,2000-07-12T04:00:00,N/A
CVE-2000-0298,PUBLISHED,mitre,2002-03-09T05:00:00,N/A
CVE-2000-0299,PUBLISHED,mitre,2000-04-26T04:00:00,N/A
CVE-2000-0300,PUBLISHED,mitre,2000-04-26T04:00:00,N/A
CVE-2000-0301,PUBLISHED,mitre,2000-10-13T04:00:00,N/A
CVE-2000-0302,PUBLISHED,mitre,2001-05-07T04:00:00,N/A
CVE-2000-0303,PUBLISHED,mitre,2000-07-12T04:00:00,N/A
CVE-2000-0304,PUBLISHED,mitre,2000-07-12T04:00:00,N/A
CVE-2000-0305,PUBLISHED,mitre,2000-07-12T04:00:00,N/A
CVE-2000-0306,PUBLISHED,mitre,2001-05-07T04:00:00,N/A
CVE-2000-0307,PUBLISHED,mitre,2001-05-07T04:00:00,N/A
CVE-2000-0308,PUBLISHED,mitre,2001-05-07T04:00:00,N/A
CVE-2000-0309,PUBLISHED,mitre,2001-05-07T04:00:00,N/A
CVE-2000-0310,PUBLISHED,mitre,2001-05-07T04:00:00,N/A
CVE-2000-0311,PUBLISHED,mitre,2000-07-12T04:00:00,N/A
CVE-2000-0312,PUBLISHED,mitre,2001-02-14T05:00:00,N/A
CVE-2000-0313,PUBLISHED,mitre,2001-05-07T04:00:00,N/A
CVE-2000-0314,PUBLISHED,mitre,2001-05-07T04:00:00,N/A
CVE-2000-0315,PUBLISHED,mitre,2001-05-07T04:00:00,N/A
CVE-2000-0316,PUBLISHED,mitre,2000-07-12T04:00:00,N/A
CVE-2000-0317,PUBLISHED,mitre,2000-05-18T04:00:00,N/A
CVE-2000-0318,PUBLISHED,mitre,2000-10-13T04:00:00,N/A
CVE-2000-0319,PUBLISHED,mitre,2000-10-13T04:00:00,N/A
CVE-2000-0320,PUBLISHED,mitre,2000-10-13T04:00:00,N/A
CVE-2000-0321,PUBLISHED,mitre,2000-05-18T04:00:00,N/A
CVE-2000-0322,PUBLISHED,mitre,2000-10-13T04:00:00,N/A
CVE-2000-0323,PUBLISHED,mitre,2000-06-02T04:00:00,N/A
CVE-2000-0324,PUBLISHED,mitre,2002-03-09T05:00:00,N/A
CVE-2000-0325,PUBLISHED,mitre,2000-05-18T04:00:00,N/A
CVE-2000-0326,PUBLISHED,mitre,2000-05-18T04:00:00,N/A
CVE-2000-0327,PUBLISHED,mitre,2000-06-02T04:00:00,N/A
CVE-2000-0328,PUBLISHED,mitre,2000-06-02T04:00:00,N/A
CVE-2000-0329,PUBLISHED,mitre,2000-06-02T04:00:00,N/A
CVE-2000-0330,PUBLISHED,mitre,2000-06-02T04:00:00,N/A
CVE-2000-0331,PUBLISHED,mitre,2000-07-12T04:00:00,N/A
CVE-2000-0332,PUBLISHED,mitre,2000-10-13T04:00:00,N/A
CVE-2000-0333,PUBLISHED,mitre,2000-05-18T04:00:00,N/A
CVE-2000-0334,PUBLISHED,mitre,2000-07-12T04:00:00,N/A
CVE-2000-0335,PUBLISHED,mitre,2000-10-13T04:00:00,N/A
CVE-2000-0336,PUBLISHED,mitre,2000-07-12T04:00:00,N/A
CVE-2000-0337,PUBLISHED,mitre,2000-07-12T04:00:00,N/A
CVE-2000-0338,PUBLISHED,mitre,2000-10-13T04:00:00,N/A
CVE-2000-0339,PUBLISHED,mitre,2000-07-12T04:00:00,N/A
CVE-2000-0340,PUBLISHED,mitre,2000-10-13T04:00:00,N/A
CVE-2000-0341,PUBLISHED,mitre,2001-01-22T05:00:00,N/A
CVE-2000-0342,PUBLISHED,mitre,2000-07-12T04:00:00,N/A
CVE-2000-0343,PUBLISHED,mitre,2000-05-18T04:00:00,N/A
CVE-2000-0344,PUBLISHED,mitre,2000-10-13T04:00:00,N/A
CVE-2000-0345,PUBLISHED,mitre,2000-05-18T04:00:00,N/A
CVE-2000-0346,PUBLISHED,mitre,2000-07-12T04:00:00,N/A
CVE-2000-0347,PUBLISHED,mitre,2000-10-13T04:00:00,N/A
CVE-2000-0348,PUBLISHED,mitre,2001-05-07T04:00:00,N/A
CVE-2000-0349,PUBLISHED,mitre,2001-05-07T04:00:00,N/A
CVE-2000-0350,PUBLISHED,mitre,2000-07-12T04:00:00,N/A
CVE-2000-0351,PUBLISHED,mitre,2001-05-07T04:00:00,N/A
CVE-2000-0352,PUBLISHED,mitre,2000-07-12T04:00:00,N/A
CVE-2000-0353,PUBLISHED,mitre,2000-07-12T04:00:00,N/A
CVE-2000-0354,PUBLISHED,mitre,2000-07-12T04:00:00,N/A
CVE-2000-0355,PUBLISHED,mitre,2000-05-24T04:00:00,N/A
CVE-2000-0356,PUBLISHED,mitre,2000-07-12T04:00:00,N/A
CVE-2000-0357,PUBLISHED,mitre,2000-05-24T04:00:00,N/A
CVE-2000-0358,PUBLISHED,mitre,2000-05-24T04:00:00,N/A
CVE-2000-0359,PUBLISHED,mitre,2000-07-12T04:00:00,N/A
CVE-2000-0360,PUBLISHED,mitre,2000-07-12T04:00:00,N/A
CVE-2000-0361,PUBLISHED,mitre,2000-07-12T04:00:00,N/A
CVE-2000-0362,PUBLISHED,mitre,2000-07-12T04:00:00,N/A
CVE-2000-0363,PUBLISHED,mitre,2000-07-12T04:00:00,N/A
CVE-2000-0364,PUBLISHED,mitre,2000-05-24T04:00:00,N/A
CVE-2000-0365,PUBLISHED,mitre,2000-05-24T04:00:00,N/A
CVE-2000-0366,PUBLISHED,mitre,2000-10-13T04:00:00,N/A
CVE-2000-0367,PUBLISHED,mitre,2000-07-12T04:00:00,N/A
CVE-2000-0368,PUBLISHED,mitre,2001-05-07T04:00:00,N/A
CVE-2000-0369,PUBLISHED,mitre,2000-10-13T04:00:00,N/A
CVE-2000-0370,PUBLISHED,mitre,2000-07-12T04:00:00,N/A
CVE-2000-0371,PUBLISHED,mitre,2000-07-12T04:00:00,N/A
CVE-2000-0372,PUBLISHED,mitre,2000-07-12T04:00:00,N/A
CVE-2000-0373,PUBLISHED,mitre,2000-07-12T04:00:00,N/A
CVE-2000-0374,PUBLISHED,mitre,2000-10-13T04:00:00,N/A
CVE-2000-0375,PUBLISHED,mitre,2001-05-07T04:00:00,N/A
CVE-2000-0376,PUBLISHED,mitre,2000-07-12T04:00:00,N/A
CVE-2000-0377,PUBLISHED,mitre,2000-07-12T04:00:00,N/A
CVE-2000-0378,PUBLISHED,mitre,2000-10-13T04:00:00,N/A
CVE-2000-0379,PUBLISHED,mitre,2000-07-12T04:00:00,N/A
CVE-2000-0380,PUBLISHED,mitre,2000-07-12T04:00:00,N/A
CVE-2000-0381,PUBLISHED,mitre,2000-07-12T04:00:00,N/A
CVE-2000-0382,PUBLISHED,mitre,2000-07-12T04:00:00,N/A
CVE-2000-0383,PUBLISHED,mitre,2000-06-15T04:00:00,N/A
CVE-2000-0384,PUBLISHED,mitre,2000-06-15T04:00:00,N/A
CVE-2000-0385,PUBLISHED,mitre,2000-06-15T04:00:00,N/A
CVE-2000-0386,PUBLISHED,mitre,2000-06-15T04:00:00,N/A
CVE-2000-0387,PUBLISHED,mitre,2000-07-12T04:00:00,N/A
CVE-2000-0388,PUBLISHED,mitre,2000-07-12T04:00:00,N/A
CVE-2000-0389,PUBLISHED,mitre,2000-07-12T04:00:00,N/A
CVE-2000-0390,PUBLISHED,mitre,2000-07-12T04:00:00,N/A
CVE-2000-0391,PUBLISHED,mitre,2000-07-12T04:00:00,N/A
CVE-2000-0392,PUBLISHED,mitre,2000-07-12T04:00:00,N/A
CVE-2000-0393,PUBLISHED,mitre,2000-07-12T04:00:00,N/A
CVE-2000-0394,PUBLISHED,mitre,2000-07-12T04:00:00,N/A
CVE-2000-0395,PUBLISHED,mitre,2000-07-12T04:00:00,N/A
CVE-2000-0396,PUBLISHED,mitre,2000-07-12T04:00:00,N/A
CVE-2000-0397,PUBLISHED,mitre,2000-07-12T04:00:00,N/A
CVE-2000-0398,PUBLISHED,mitre,2000-07-12T04:00:00,N/A
CVE-2000-0399,PUBLISHED,mitre,2000-07-12T04:00:00,N/A
CVE-2000-0400,PUBLISHED,mitre,2000-06-15T04:00:00,N/A
CVE-2000-0401,PUBLISHED,mitre,2000-06-15T04:00:00,N/A
CVE-2000-0402,PUBLISHED,mitre,2000-07-12T04:00:00,N/A
CVE-2000-0403,PUBLISHED,mitre,2000-07-12T04:00:00,N/A
CVE-2000-0404,PUBLISHED,mitre,2000-07-12T04:00:00,N/A
CVE-2000-0405,PUBLISHED,mitre,2000-07-12T04:00:00,N/A
CVE-2000-0406,PUBLISHED,mitre,2000-07-12T04:00:00,N/A
CVE-2000-0407,PUBLISHED,mitre,2000-07-12T04:00:00,N/A
CVE-2000-0408,PUBLISHED,mitre,2000-07-12T04:00:00,N/A
CVE-2000-0409,PUBLISHED,mitre,2000-07-12T04:00:00,N/A
CVE-2000-0410,PUBLISHED,mitre,2000-07-12T04:00:00,N/A
CVE-2000-0411,PUBLISHED,mitre,2000-07-12T04:00:00,N/A
CVE-2000-0412,PUBLISHED,mitre,2000-06-15T04:00:00,N/A
CVE-2000-0413,PUBLISHED,mitre,2000-06-15T04:00:00,N/A
CVE-2000-0414,PUBLISHED,mitre,2000-07-12T04:00:00,N/A
CVE-2000-0415,PUBLISHED,mitre,2000-06-15T04:00:00,N/A
CVE-2000-0416,PUBLISHED,mitre,2000-07-12T04:00:00,N/A
CVE-2000-0417,PUBLISHED,mitre,2000-07-12T04:00:00,N/A
CVE-2000-0418,PUBLISHED,mitre,2000-07-12T04:00:00,N/A
CVE-2000-0419,PUBLISHED,mitre,2000-07-12T04:00:00,N/A
CVE-2000-0420,PUBLISHED,mitre,2000-06-15T04:00:00,N/A
CVE-2000-0421,PUBLISHED,mitre,2000-07-12T04:00:00,N/A
CVE-2000-0422,PUBLISHED,mitre,2000-06-15T04:00:00,N/A
CVE-2000-0423,PUBLISHED,mitre,2000-06-15T04:00:00,N/A
CVE-2000-0424,PUBLISHED,mitre,2000-07-12T04:00:00,N/A
CVE-2000-0425,PUBLISHED,mitre,2000-07-12T04:00:00,N/A
CVE-2000-0426,PUBLISHED,mitre,2000-10-13T04:00:00,N/A
CVE-2000-0427,PUBLISHED,mitre,2000-07-12T04:00:00,N/A
CVE-2000-0428,PUBLISHED,mitre,2000-07-12T04:00:00,N/A
CVE-2000-0429,PUBLISHED,mitre,2000-06-15T04:00:00,N/A
CVE-2000-0430,PUBLISHED,mitre,2000-10-13T04:00:00,N/A
CVE-2000-0431,PUBLISHED,mitre,2000-07-12T04:00:00,N/A
CVE-2000-0432,PUBLISHED,mitre,2000-07-12T04:00:00,N/A
CVE-2000-0433,PUBLISHED,mitre,2000-06-15T04:00:00,N/A
CVE-2000-0434,PUBLISHED,mitre,2000-06-15T04:00:00,N/A
CVE-2000-0435,PUBLISHED,mitre,2000-07-12T04:00:00,N/A
CVE-2000-0436,PUBLISHED,mitre,2000-07-12T04:00:00,N/A
CVE-2000-0437,PUBLISHED,mitre,2000-07-12T04:00:00,N/A
CVE-2000-0438,PUBLISHED,mitre,2000-07-12T04:00:00,N/A
CVE-2000-0439,PUBLISHED,mitre,2000-07-12T04:00:00,N/A
CVE-2000-0440,PUBLISHED,mitre,2000-10-13T04:00:00,N/A
CVE-2000-0441,PUBLISHED,mitre,2000-07-12T04:00:00,N/A
CVE-2000-0442,PUBLISHED,mitre,2000-07-12T04:00:00,N/A
CVE-2000-0443,PUBLISHED,mitre,2000-10-13T04:00:00,N/A
CVE-2000-0444,PUBLISHED,mitre,2000-06-15T04:00:00,N/A
CVE-2000-0445,PUBLISHED,mitre,2000-10-13T04:00:00,N/A
CVE-2000-0446,PUBLISHED,mitre,2000-10-13T04:00:00,N/A
CVE-2000-0447,PUBLISHED,mitre,2000-10-13T04:00:00,N/A
CVE-2000-0448,PUBLISHED,mitre,2000-10-13T04:00:00,N/A
CVE-2000-0449,PUBLISHED,mitre,2000-06-15T04:00:00,N/A
CVE-2000-0450,PUBLISHED,mitre,2000-06-15T04:00:00,N/A
CVE-2000-0451,PUBLISHED,mitre,2000-10-13T04:00:00,N/A
CVE-2000-0452,PUBLISHED,mitre,2000-07-12T04:00:00,N/A
CVE-2000-0453,PUBLISHED,mitre,2000-07-12T04:00:00,N/A
CVE-2000-0454,PUBLISHED,mitre,2000-07-12T04:00:00,N/A
CVE-2000-0455,PUBLISHED,mitre,2000-07-12T04:00:00,N/A
CVE-2000-0456,PUBLISHED,mitre,2000-07-12T04:00:00,N/A
CVE-2000-0457,PUBLISHED,mitre,2002-03-09T05:00:00,N/A
CVE-2000-0458,PUBLISHED,mitre,2000-10-13T04:00:00,N/A
CVE-2000-0459,PUBLISHED,mitre,2000-10-13T04:00:00,N/A
CVE-2000-0460,PUBLISHED,mitre,2000-07-12T04:00:00,N/A
CVE-2000-0461,PUBLISHED,mitre,2000-07-12T04:00:00,N/A
CVE-2000-0462,PUBLISHED,mitre,2000-07-12T04:00:00,N/A
CVE-2000-0463,PUBLISHED,mitre,2000-07-12T04:00:00,N/A
CVE-2000-0464,PUBLISHED,mitre,2000-07-12T04:00:00,N/A
CVE-2000-0465,PUBLISHED,mitre,2000-07-12T04:00:00,N/A
CVE-2000-0466,PUBLISHED,mitre,2000-10-13T04:00:00,N/A
CVE-2000-0467,PUBLISHED,mitre,2000-10-13T04:00:00,N/A
CVE-2000-0468,PUBLISHED,mitre,2000-10-13T04:00:00,N/A
CVE-2000-0469,PUBLISHED,mitre,2000-10-13T04:00:00,N/A
CVE-2000-0470,PUBLISHED,mitre,2000-10-13T04:00:00,N/A
CVE-2000-0471,PUBLISHED,mitre,2000-10-13T04:00:00,N/A
CVE-2000-0472,PUBLISHED,mitre,2000-10-13T04:00:00,N/A
CVE-2000-0473,PUBLISHED,mitre,2000-07-12T04:00:00,N/A
CVE-2000-0474,PUBLISHED,mitre,2000-10-13T04:00:00,N/A
CVE-2000-0475,PUBLISHED,mitre,2000-10-13T04:00:00,N/A
CVE-2000-0476,PUBLISHED,mitre,2000-07-12T04:00:00,N/A
CVE-2000-0477,PUBLISHED,mitre,2000-10-13T04:00:00,N/A
CVE-2000-0478,PUBLISHED,mitre,2000-10-13T04:00:00,N/A
CVE-2000-0479,PUBLISHED,mitre,2000-07-12T04:00:00,N/A
CVE-2000-0480,PUBLISHED,mitre,2000-07-12T04:00:00,N/A
CVE-2000-0481,PUBLISHED,mitre,2000-10-13T04:00:00,N/A
CVE-2000-0482,PUBLISHED,mitre,2000-10-13T04:00:00,N/A
CVE-2000-0483,PUBLISHED,mitre,2000-10-13T04:00:00,N/A
CVE-2000-0484,PUBLISHED,mitre,2000-10-13T04:00:00,N/A
CVE-2000-0485,PUBLISHED,mitre,2000-10-13T04:00:00,N/A
CVE-2000-0486,PUBLISHED,mitre,2000-10-13T04:00:00,N/A
CVE-2000-0487,PUBLISHED,mitre,2000-07-12T04:00:00,N/A
CVE-2000-0488,PUBLISHED,mitre,2001-01-22T05:00:00,N/A
CVE-2000-0489,PUBLISHED,mitre,2000-10-13T04:00:00,N/A
CVE-2000-0490,PUBLISHED,mitre,2000-10-13T04:00:00,N/A
CVE-2000-0491,PUBLISHED,mitre,2000-07-12T04:00:00,N/A
CVE-2000-0492,PUBLISHED,mitre,2000-07-12T04:00:00,N/A
CVE-2000-0493,PUBLISHED,mitre,2000-10-13T04:00:00,N/A
CVE-2000-0494,PUBLISHED,mitre,2000-10-13T04:00:00,N/A
CVE-2000-0495,PUBLISHED,mitre,2000-10-13T04:00:00,N/A
CVE-2000-0497,PUBLISHED,mitre,2000-10-13T04:00:00,N/A
CVE-2000-0498,PUBLISHED,mitre,2001-01-22T05:00:00,N/A
CVE-2000-0499,PUBLISHED,mitre,2000-10-13T04:00:00,N/A
CVE-2000-0500,PUBLISHED,mitre,2000-10-13T04:00:00,N/A
CVE-2000-0501,PUBLISHED,mitre,2000-10-13T04:00:00,N/A
CVE-2000-0502,PUBLISHED,mitre,2003-04-02T05:00:00,N/A
CVE-2000-0503,PUBLISHED,mitre,2000-07-12T04:00:00,N/A
CVE-2000-0504,PUBLISHED,mitre,2001-05-07T04:00:00,N/A
CVE-2000-0505,PUBLISHED,mitre,2000-10-13T04:00:00,N/A
CVE-2000-0506,PUBLISHED,mitre,2000-10-13T04:00:00,N/A
CVE-2000-0507,PUBLISHED,mitre,2000-10-13T04:00:00,N/A
CVE-2000-0508,PUBLISHED,mitre,2000-10-13T04:00:00,N/A
CVE-2000-0509,PUBLISHED,mitre,2000-07-12T04:00:00,N/A
CVE-2000-0510,PUBLISHED,mitre,2000-10-13T04:00:00,N/A
CVE-2000-0511,PUBLISHED,mitre,2000-10-13T04:00:00,N/A
CVE-2000-0512,PUBLISHED,mitre,2000-10-13T04:00:00,N/A
CVE-2000-0513,PUBLISHED,mitre,2000-10-13T04:00:00,N/A
CVE-2000-0514,PUBLISHED,mitre,2000-10-13T04:00:00,N/A
CVE-2000-0515,PUBLISHED,mitre,2000-10-13T04:00:00,N/A
CVE-2000-0516,PUBLISHED,mitre,2000-10-13T04:00:00,N/A
CVE-2000-0517,PUBLISHED,mitre,2000-10-13T04:00:00,N/A
CVE-2000-0518,PUBLISHED,mitre,2000-10-13T04:00:00,N/A
CVE-2000-0519,PUBLISHED,mitre,2000-10-13T04:00:00,N/A
CVE-2000-0520,PUBLISHED,mitre,2000-07-12T04:00:00,N/A
CVE-2000-0521,PUBLISHED,mitre,2000-10-13T04:00:00,N/A
CVE-2000-0522,PUBLISHED,mitre,2000-10-13T04:00:00,N/A
CVE-2000-0523,PUBLISHED,mitre,2001-01-22T05:00:00,N/A
CVE-2000-0524,PUBLISHED,mitre,2000-07-12T04:00:00,N/A
CVE-2000-0525,PUBLISHED,mitre,2000-10-13T04:00:00,N/A
CVE-2000-0526,PUBLISHED,mitre,2000-07-12T04:00:00,N/A
CVE-2000-0527,PUBLISHED,mitre,2000-07-12T04:00:00,N/A
CVE-2000-0528,PUBLISHED,mitre,2000-10-13T04:00:00,N/A
CVE-2000-0529,PUBLISHED,mitre,2000-10-13T04:00:00,N/A
CVE-2000-0530,PUBLISHED,mitre,2000-10-13T04:00:00,N/A
CVE-2000-0531,PUBLISHED,mitre,2000-07-12T04:00:00,N/A
CVE-2000-0532,PUBLISHED,mitre,2000-10-13T04:00:00,N/A
CVE-2000-0533,PUBLISHED,mitre,2000-10-13T04:00:00,N/A
CVE-2000-0534,PUBLISHED,mitre,2000-10-13T04:00:00,N/A
CVE-2000-0535,PUBLISHED,mitre,2000-07-12T04:00:00,N/A
CVE-2000-0536,PUBLISHED,mitre,2000-10-13T04:00:00,N/A
CVE-2000-0537,PUBLISHED,mitre,2000-10-13T04:00:00,N/A
CVE-2000-0538,PUBLISHED,mitre,2000-10-13T04:00:00,N/A
CVE-2000-0539,PUBLISHED,mitre,2000-10-13T04:00:00,N/A
CVE-2000-0540,PUBLISHED,mitre,2000-10-13T04:00:00,N/A
CVE-2000-0541,PUBLISHED,mitre,2001-05-07T04:00:00,N/A
CVE-2000-0542,PUBLISHED,mitre,2001-01-22T05:00:00,N/A
CVE-2000-0543,PUBLISHED,mitre,2000-07-12T04:00:00,N/A
CVE-2000-0544,PUBLISHED,mitre,2000-07-12T04:00:00,N/A
CVE-2000-0545,PUBLISHED,mitre,2000-07-12T04:00:00,N/A
CVE-2000-0546,PUBLISHED,mitre,2000-07-12T04:00:00,N/A
CVE-2000-0547,PUBLISHED,mitre,2000-07-12T04:00:00,N/A
CVE-2000-0548,PUBLISHED,mitre,2000-10-13T04:00:00,N/A
CVE-2000-0549,PUBLISHED,mitre,2000-10-13T04:00:00,N/A
CVE-2000-0550,PUBLISHED,mitre,2000-10-13T04:00:00,N/A
CVE-2000-0551,PUBLISHED,mitre,2002-03-09T05:00:00,N/A
CVE-2000-0552,PUBLISHED,mitre,2000-10-13T04:00:00,N/A
CVE-2000-0553,PUBLISHED,mitre,2000-10-13T04:00:00,N/A
CVE-2000-0554,PUBLISHED,mitre,2000-07-12T04:00:00,N/A
CVE-2000-0555,PUBLISHED,mitre,2000-10-13T04:00:00,N/A
CVE-2000-0556,PUBLISHED,mitre,2000-10-13T04:00:00,N/A
CVE-2000-0557,PUBLISHED,mitre,2000-10-13T04:00:00,N/A
CVE-2000-0558,PUBLISHED,mitre,2000-10-13T04:00:00,N/A
CVE-2000-0559,PUBLISHED,mitre,2000-07-12T04:00:00,N/A
CVE-2000-0561,PUBLISHED,mitre,2000-10-13T04:00:00,N/A
CVE-2000-0562,PUBLISHED,mitre,2000-07-12T04:00:00,N/A
CVE-2000-0563,PUBLISHED,mitre,2000-07-12T04:00:00,N/A
CVE-2000-0564,PUBLISHED,mitre,2000-07-12T04:00:00,N/A
CVE-2000-0565,PUBLISHED,mitre,2001-01-22T05:00:00,N/A
CVE-2000-0566,PUBLISHED,mitre,2000-10-13T04:00:00,N/A
CVE-2000-0567,PUBLISHED,mitre,2000-10-13T04:00:00,N/A
CVE-2000-0568,PUBLISHED,mitre,2001-09-18T04:00:00,N/A
CVE-2000-0569,PUBLISHED,mitre,2001-09-18T04:00:00,N/A
CVE-2000-0570,PUBLISHED,mitre,2002-03-09T05:00:00,N/A
CVE-2000-0571,PUBLISHED,mitre,2000-10-13T04:00:00,N/A
CVE-2000-0572,PUBLISHED,mitre,2000-07-19T04:00:00,N/A
CVE-2000-0573,PUBLISHED,mitre,2001-05-07T04:00:00,N/A
CVE-2000-0574,PUBLISHED,mitre,2000-07-19T04:00:00,N/A
CVE-2000-0575,PUBLISHED,mitre,2002-03-09T05:00:00,N/A
CVE-2000-0576,PUBLISHED,mitre,2001-09-18T04:00:00,N/A
CVE-2000-0577,PUBLISHED,mitre,2001-05-07T04:00:00,N/A
CVE-2000-0578,PUBLISHED,mitre,2000-07-19T04:00:00,N/A
CVE-2000-0579,PUBLISHED,mitre,2000-10-13T04:00:00,N/A
CVE-2000-0580,PUBLISHED,mitre,2000-07-19T04:00:00,N/A
CVE-2000-0581,PUBLISHED,mitre,2002-03-09T05:00:00,N/A
CVE-2000-0582,PUBLISHED,mitre,2000-10-13T04:00:00,N/A
CVE-2000-0583,PUBLISHED,mitre,2000-10-13T04:00:00,N/A
CVE-2000-0584,PUBLISHED,mitre,2000-10-13T04:00:00,N/A
CVE-2000-0585,PUBLISHED,mitre,2000-10-13T04:00:00,N/A
CVE-2000-0586,PUBLISHED,mitre,2000-10-13T04:00:00,N/A
CVE-2000-0587,PUBLISHED,mitre,2000-10-13T04:00:00,N/A
CVE-2000-0588,PUBLISHED,mitre,2000-10-13T04:00:00,N/A
CVE-2000-0589,PUBLISHED,mitre,2000-07-19T04:00:00,N/A
CVE-2000-0590,PUBLISHED,mitre,2003-04-02T05:00:00,N/A
CVE-2000-0591,PUBLISHED,mitre,2000-10-13T04:00:00,N/A
CVE-2000-0592,PUBLISHED,mitre,2000-07-19T04:00:00,N/A
CVE-2000-0593,PUBLISHED,mitre,2002-03-09T05:00:00,N/A
CVE-2000-0594,PUBLISHED,mitre,2000-10-13T04:00:00,N/A
CVE-2000-0595,PUBLISHED,mitre,2000-10-13T04:00:00,N/A
CVE-2000-0596,PUBLISHED,mitre,2000-10-13T04:00:00,N/A
CVE-2000-0597,PUBLISHED,mitre,2000-10-13T04:00:00,N/A
CVE-2000-0598,PUBLISHED,mitre,2000-10-13T04:00:00,N/A
CVE-2000-0599,PUBLISHED,mitre,2000-10-13T04:00:00,N/A
CVE-2000-0600,PUBLISHED,mitre,2002-03-09T05:00:00,N/A
CVE-2000-0601,PUBLISHED,mitre,2000-10-13T04:00:00,N/A
CVE-2000-0602,PUBLISHED,mitre,2000-10-13T04:00:00,N/A
CVE-2000-0603,PUBLISHED,mitre,2000-10-13T04:00:00,N/A
CVE-2000-0604,PUBLISHED,mitre,2000-10-13T04:00:00,N/A
CVE-2000-0605,PUBLISHED,mitre,2000-07-19T04:00:00,N/A
CVE-2000-0606,PUBLISHED,mitre,2000-07-19T04:00:00,N/A
CVE-2000-0607,PUBLISHED,mitre,2000-07-19T04:00:00,N/A
CVE-2000-0608,PUBLISHED,mitre,2000-07-19T04:00:00,N/A
CVE-2000-0609,PUBLISHED,mitre,2000-07-19T04:00:00,N/A
CVE-2000-0610,PUBLISHED,mitre,2000-10-13T04:00:00,N/A
CVE-2000-0611,PUBLISHED,mitre,2000-10-13T04:00:00,N/A
CVE-2000-0612,PUBLISHED,mitre,2000-07-19T04:00:00,N/A
CVE-2000-0613,PUBLISHED,mitre,2000-10-13T04:00:00,N/A
CVE-2000-0614,PUBLISHED,mitre,2000-07-19T04:00:00,N/A
CVE-2000-0615,PUBLISHED,mitre,2002-03-09T05:00:00,N/A
CVE-2000-0616,PUBLISHED,mitre,2000-10-13T04:00:00,N/A
CVE-2000-0617,PUBLISHED,mitre,2000-07-19T04:00:00,N/A
CVE-2000-0618,PUBLISHED,mitre,2000-07-19T04:00:00,N/A
CVE-2000-0619,PUBLISHED,mitre,2002-03-09T05:00:00,N/A
CVE-2000-0620,PUBLISHED,mitre,2001-09-18T04:00:00,N/A
CVE-2000-0621,PUBLISHED,mitre,2000-10-13T04:00:00,N/A
CVE-2000-0622,PUBLISHED,mitre,2001-05-07T04:00:00,N/A
CVE-2000-0623,PUBLISHED,mitre,2000-08-03T04:00:00,N/A
CVE-2000-0624,PUBLISHED,mitre,2000-10-13T04:00:00,N/A
CVE-2000-0625,PUBLISHED,mitre,2000-08-03T04:00:00,N/A
CVE-2000-0626,PUBLISHED,mitre,2000-08-03T04:00:00,N/A
CVE-2000-0627,PUBLISHED,mitre,2000-10-13T04:00:00,N/A
CVE-2000-0628,PUBLISHED,mitre,2000-10-13T04:00:00,N/A
CVE-2000-0629,PUBLISHED,mitre,2000-08-03T04:00:00,N/A
CVE-2000-0630,PUBLISHED,mitre,2000-10-13T04:00:00,N/A
CVE-2000-0631,PUBLISHED,mitre,2000-10-13T04:00:00,N/A
CVE-2000-0632,PUBLISHED,mitre,2000-10-13T04:00:00,N/A
CVE-2000-0633,PUBLISHED,mitre,2000-10-13T04:00:00,N/A
CVE-2000-0634,PUBLISHED,mitre,2000-10-13T04:00:00,N/A
CVE-2000-0635,PUBLISHED,mitre,2000-10-13T04:00:00,N/A
CVE-2000-0636,PUBLISHED,mitre,2000-10-13T04:00:00,N/A
CVE-2000-0637,PUBLISHED,mitre,2000-10-13T04:00:00,N/A
CVE-2000-0638,PUBLISHED,mitre,2000-10-13T04:00:00,N/A
CVE-2000-0639,PUBLISHED,mitre,2000-10-13T04:00:00,N/A
CVE-2000-0640,PUBLISHED,mitre,2000-10-13T04:00:00,N/A
CVE-2000-0641,PUBLISHED,mitre,2000-10-13T04:00:00,N/A
CVE-2000-0642,PUBLISHED,mitre,2000-10-13T04:00:00,N/A
CVE-2000-0643,PUBLISHED,mitre,2000-10-13T04:00:00,N/A
CVE-2000-0644,PUBLISHED,mitre,2000-10-13T04:00:00,N/A
CVE-2000-0645,PUBLISHED,mitre,2000-08-03T04:00:00,N/A
CVE-2000-0646,PUBLISHED,mitre,2000-08-03T04:00:00,N/A
CVE-2000-0647,PUBLISHED,mitre,2000-08-03T04:00:00,N/A
CVE-2000-0648,PUBLISHED,mitre,2000-08-03T04:00:00,N/A
CVE-2000-0649,PUBLISHED,mitre,2000-08-03T04:00:00,N/A
CVE-2000-0650,PUBLISHED,mitre,2001-05-07T04:00:00,N/A
CVE-2000-0651,PUBLISHED,mitre,2000-10-13T04:00:00,N/A
CVE-2000-0652,PUBLISHED,mitre,2000-10-13T04:00:00,N/A
CVE-2000-0653,PUBLISHED,mitre,2000-08-03T04:00:00,N/A
CVE-2000-0654,PUBLISHED,mitre,2000-10-13T04:00:00,N/A
CVE-2000-0655,PUBLISHED,mitre,2000-10-13T04:00:00,N/A
CVE-2000-0656,PUBLISHED,mitre,2000-08-03T04:00:00,N/A
CVE-2000-0657,PUBLISHED,mitre,2000-08-03T04:00:00,N/A
CVE-2000-0658,PUBLISHED,mitre,2000-08-03T04:00:00,N/A
CVE-2000-0659,PUBLISHED,mitre,2000-08-03T04:00:00,N/A
CVE-2000-0660,PUBLISHED,mitre,2000-10-13T04:00:00,N/A
CVE-2000-0661,PUBLISHED,mitre,2000-10-13T04:00:00,N/A
CVE-2000-0662,PUBLISHED,mitre,2002-03-09T05:00:00,N/A
CVE-2000-0663,PUBLISHED,mitre,2000-10-13T04:00:00,N/A
CVE-2000-0664,PUBLISHED,mitre,2000-10-13T04:00:00,N/A
CVE-2000-0665,PUBLISHED,mitre,2000-10-13T04:00:00,N/A
CVE-2000-0666,PUBLISHED,mitre,2000-10-13T04:00:00,N/A
CVE-2000-0667,PUBLISHED,mitre,2000-08-03T04:00:00,N/A
CVE-2000-0668,PUBLISHED,mitre,2000-10-13T04:00:00,N/A
CVE-2000-0669,PUBLISHED,mitre,2000-10-13T04:00:00,N/A
CVE-2000-0670,PUBLISHED,mitre,2000-10-13T04:00:00,N/A
CVE-2000-0671,PUBLISHED,mitre,2000-10-13T04:00:00,N/A
CVE-2000-0672,PUBLISHED,mitre,2001-01-22T05:00:00,N/A
CVE-2000-0673,PUBLISHED,mitre,2000-10-13T04:00:00,N/A
CVE-2000-0674,PUBLISHED,mitre,2000-10-13T04:00:00,N/A
CVE-2000-0675,PUBLISHED,mitre,2000-10-13T04:00:00,N/A
CVE-2000-0676,PUBLISHED,mitre,2000-10-13T04:00:00,N/A
CVE-2000-0677,PUBLISHED,mitre,2000-10-13T04:00:00,N/A
CVE-2000-0678,PUBLISHED,mitre,2000-10-13T04:00:00,N/A
CVE-2000-0679,PUBLISHED,mitre,2001-01-22T05:00:00,N/A
CVE-2000-0680,PUBLISHED,mitre,2000-09-21T04:00:00,N/A
CVE-2000-0681,PUBLISHED,mitre,2000-10-13T04:00:00,N/A
CVE-2000-0682,PUBLISHED,mitre,2000-10-13T04:00:00,N/A
CVE-2000-0683,PUBLISHED,mitre,2000-10-13T04:00:00,N/A
CVE-2000-0684,PUBLISHED,mitre,2000-10-13T04:00:00,N/A
CVE-2000-0685,PUBLISHED,mitre,2000-10-13T04:00:00,N/A
CVE-2000-0686,PUBLISHED,mitre,2000-09-21T04:00:00,N/A
CVE-2000-0687,PUBLISHED,mitre,2000-09-21T04:00:00,N/A
CVE-2000-0688,PUBLISHED,mitre,2000-09-21T04:00:00,N/A
CVE-2000-0689,PUBLISHED,mitre,2000-09-21T04:00:00,N/A
CVE-2000-0690,PUBLISHED,mitre,2000-09-21T04:00:00,N/A
CVE-2000-0691,PUBLISHED,mitre,2000-09-21T04:00:00,N/A
CVE-2000-0692,PUBLISHED,mitre,2000-09-21T04:00:00,N/A
CVE-2000-0693,PUBLISHED,mitre,2001-05-07T04:00:00,N/A
CVE-2000-0694,PUBLISHED,mitre,2001-05-07T04:00:00,N/A
CVE-2000-0695,PUBLISHED,mitre,2000-09-21T04:00:00,N/A
CVE-2000-0696,PUBLISHED,mitre,2000-09-21T04:00:00,N/A
CVE-2000-0697,PUBLISHED,mitre,2000-09-21T04:00:00,N/A
CVE-2000-0698,PUBLISHED,mitre,2001-01-22T05:00:00,N/A
CVE-2000-0699,PUBLISHED,mitre,2002-03-09T05:00:00,N/A
CVE-2000-0700,PUBLISHED,mitre,2000-10-13T04:00:00,N/A
CVE-2000-0701,PUBLISHED,mitre,2000-09-21T04:00:00,N/A
CVE-2000-0702,PUBLISHED,mitre,2001-01-22T05:00:00,N/A
CVE-2000-0703,PUBLISHED,mitre,2000-10-13T04:00:00,N/A
CVE-2000-0704,PUBLISHED,mitre,2000-09-21T04:00:00,N/A
CVE-2000-0705,PUBLISHED,mitre,2000-10-13T04:00:00,N/A
CVE-2000-0706,PUBLISHED,mitre,2000-10-13T04:00:00,N/A
CVE-2000-0707,PUBLISHED,mitre,2000-10-13T04:00:00,N/A
CVE-2000-0708,PUBLISHED,mitre,2000-10-13T04:00:00,N/A
CVE-2000-0709,PUBLISHED,mitre,2000-09-21T04:00:00,N/A
CVE-2000-0710,PUBLISHED,mitre,2000-09-21T04:00:00,N/A
CVE-2000-0711,PUBLISHED,mitre,2000-10-13T04:00:00,N/A
CVE-2000-0712,PUBLISHED,mitre,2000-10-13T04:00:00,N/A
CVE-2000-0713,PUBLISHED,mitre,2000-09-21T04:00:00,N/A
CVE-2000-0714,PUBLISHED,mitre,2000-09-21T04:00:00,N/A
CVE-2000-0715,PUBLISHED,mitre,2000-09-21T04:00:00,N/A
CVE-2000-0716,PUBLISHED,mitre,2001-01-22T05:00:00,N/A
CVE-2000-0717,PUBLISHED,mitre,2001-05-07T04:00:00,N/A
CVE-2000-0718,PUBLISHED,mitre,2000-10-13T04:00:00,N/A
CVE-2000-0719,PUBLISHED,mitre,2000-09-21T04:00:00,N/A
CVE-2000-0720,PUBLISHED,mitre,2001-05-07T04:00:00,N/A
CVE-2000-0721,PUBLISHED,mitre,2000-09-21T04:00:00,N/A
CVE-2000-0722,PUBLISHED,mitre,2000-09-21T04:00:00,N/A
CVE-2000-0723,PUBLISHED,mitre,2000-09-21T04:00:00,N/A
CVE-2000-0724,PUBLISHED,mitre,2000-09-21T04:00:00,N/A
CVE-2000-0725,PUBLISHED,mitre,2000-10-13T04:00:00,N/A
CVE-2000-0726,PUBLISHED,mitre,2001-05-07T04:00:00,N/A
CVE-2000-0727,PUBLISHED,mitre,2000-10-13T04:00:00,N/A
CVE-2000-0728,PUBLISHED,mitre,2000-10-13T04:00:00,N/A
CVE-2000-0729,PUBLISHED,mitre,2001-01-22T05:00:00,N/A
CVE-2000-0730,PUBLISHED,mitre,2000-10-13T04:00:00,N/A
CVE-2000-0731,PUBLISHED,mitre,2001-05-07T04:00:00,N/A
CVE-2000-0732,PUBLISHED,mitre,2001-01-22T05:00:00,N/A
CVE-2000-0733,PUBLISHED,mitre,2000-10-13T04:00:00,N/A
CVE-2000-0734,PUBLISHED,mitre,2000-09-21T04:00:00,N/A
CVE-2000-0735,PUBLISHED,mitre,2000-09-21T04:00:00,N/A
CVE-2000-0736,PUBLISHED,mitre,2000-09-21T04:00:00,N/A
CVE-2000-0737,PUBLISHED,mitre,2000-10-13T04:00:00,N/A
CVE-2000-0738,PUBLISHED,mitre,2001-01-22T05:00:00,N/A
CVE-2000-0739,PUBLISHED,mitre,2002-03-09T05:00:00,N/A
CVE-2000-0740,PUBLISHED,mitre,2002-03-09T05:00:00,N/A
CVE-2000-0741,PUBLISHED,mitre,2002-03-09T05:00:00,N/A
CVE-2000-0742,PUBLISHED,mitre,2001-05-07T04:00:00,N/A
CVE-2000-0743,PUBLISHED,mitre,2000-10-13T04:00:00,N/A
CVE-2000-0745,PUBLISHED,mitre,2000-10-13T04:00:00,N/A
CVE-2000-0746,PUBLISHED,mitre,2000-09-21T04:00:00,N/A
CVE-2000-0747,PUBLISHED,mitre,2004-09-01T04:00:00,N/A
CVE-2000-0748,PUBLISHED,mitre,2000-09-21T04:00:00,N/A
CVE-2000-0749,PUBLISHED,mitre,2001-01-22T05:00:00,N/A
CVE-2000-0750,PUBLISHED,mitre,2000-10-13T04:00:00,N/A
CVE-2000-0751,PUBLISHED,mitre,2000-10-13T04:00:00,N/A
CVE-2000-0752,PUBLISHED,mitre,2000-09-21T04:00:00,N/A
CVE-2000-0753,PUBLISHED,mitre,2002-03-09T05:00:00,N/A
CVE-2000-0754,PUBLISHED,mitre,2000-10-13T04:00:00,N/A
CVE-2000-0755,PUBLISHED,mitre,2000-09-21T04:00:00,N/A
CVE-2000-0756,PUBLISHED,mitre,2000-09-21T04:00:00,N/A
CVE-2000-0757,PUBLISHED,mitre,2000-09-21T04:00:00,N/A
CVE-2000-0758,PUBLISHED,mitre,2000-10-13T04:00:00,N/A
CVE-2000-0759,PUBLISHED,mitre,2000-09-21T04:00:00,N/A
CVE-2000-0760,PUBLISHED,mitre,2000-09-21T04:00:00,N/A
CVE-2000-0761,PUBLISHED,mitre,2000-10-13T04:00:00,N/A
CVE-2000-0762,PUBLISHED,mitre,2001-01-22T05:00:00,N/A
CVE-2000-0763,PUBLISHED,mitre,2000-10-13T04:00:00,N/A
CVE-2000-0764,PUBLISHED,mitre,2001-01-22T05:00:00,N/A
CVE-2000-0765,PUBLISHED,mitre,2000-10-13T04:00:00,N/A
CVE-2000-0766,PUBLISHED,mitre,2001-01-22T05:00:00,N/A
CVE-2000-0767,PUBLISHED,mitre,2000-10-13T04:00:00,N/A
CVE-2000-0768,PUBLISHED,mitre,2000-10-13T04:00:00,N/A
CVE-2000-0769,PUBLISHED,mitre,2000-09-21T04:00:00,N/A
CVE-2000-0770,PUBLISHED,mitre,2000-10-13T04:00:00,N/A
CVE-2000-0771,PUBLISHED,mitre,2000-10-13T04:00:00,N/A
CVE-2000-0772,PUBLISHED,mitre,2000-09-21T04:00:00,N/A
CVE-2000-0773,PUBLISHED,mitre,2004-09-01T04:00:00,N/A
CVE-2000-0774,PUBLISHED,mitre,2000-09-21T04:00:00,N/A
CVE-2000-0775,PUBLISHED,mitre,2000-09-21T04:00:00,N/A
CVE-2000-0776,PUBLISHED,mitre,2002-03-09T05:00:00,N/A
CVE-2000-0777,PUBLISHED,mitre,2000-10-13T04:00:00,N/A
CVE-2000-0778,PUBLISHED,mitre,2000-10-13T04:00:00,N/A
CVE-2000-0779,PUBLISHED,mitre,2000-10-13T04:00:00,N/A
CVE-2000-0780,PUBLISHED,mitre,2000-10-13T04:00:00,N/A
CVE-2000-0781,PUBLISHED,mitre,2004-09-01T04:00:00,N/A
CVE-2000-0782,PUBLISHED,mitre,2000-10-13T04:00:00,N/A
CVE-2000-0783,PUBLISHED,mitre,2001-01-22T05:00:00,N/A
CVE-2000-0784,PUBLISHED,mitre,2000-09-21T04:00:00,N/A
CVE-2000-0785,PUBLISHED,mitre,2000-09-21T04:00:00,N/A
CVE-2000-0786,PUBLISHED,mitre,2000-10-13T04:00:00,N/A
CVE-2000-0787,PUBLISHED,mitre,2000-10-13T04:00:00,N/A
CVE-2000-0788,PUBLISHED,mitre,2002-03-09T05:00:00,N/A
CVE-2000-0789,PUBLISHED,mitre,2000-09-21T04:00:00,N/A
CVE-2000-0790,PUBLISHED,mitre,2002-03-09T05:00:00,N/A
CVE-2000-0791,PUBLISHED,mitre,2000-09-21T04:00:00,N/A
CVE-2000-0792,PUBLISHED,mitre,2000-10-13T04:00:00,N/A
CVE-2000-0793,PUBLISHED,mitre,2000-09-21T04:00:00,N/A
CVE-2000-0794,PUBLISHED,mitre,2000-09-21T04:00:00,N/A
CVE-2000-0795,PUBLISHED,mitre,2002-03-09T05:00:00,N/A
CVE-2000-0796,PUBLISHED,mitre,2002-03-09T05:00:00,N/A
CVE-2000-0797,PUBLISHED,mitre,2004-09-01T04:00:00,N/A
CVE-2000-0798,PUBLISHED,mitre,2000-09-21T04:00:00,N/A
CVE-2000-0799,PUBLISHED,mitre,2001-09-18T04:00:00,N/A
CVE-2000-0800,PUBLISHED,mitre,2000-09-21T04:00:00,N/A
CVE-2000-0801,PUBLISHED,mitre,2000-09-21T04:00:00,N/A
CVE-2000-0802,PUBLISHED,mitre,2000-09-21T04:00:00,N/A
CVE-2000-0803,PUBLISHED,mitre,2001-05-07T04:00:00,N/A
CVE-2000-0804,PUBLISHED,mitre,2001-01-22T05:00:00,N/A
CVE-2000-0805,PUBLISHED,mitre,2001-01-22T05:00:00,N/A
CVE-2000-0806,PUBLISHED,mitre,2001-01-22T05:00:00,N/A
CVE-2000-0807,PUBLISHED,mitre,2001-01-22T05:00:00,N/A
CVE-2000-0808,PUBLISHED,mitre,2001-01-22T05:00:00,N/A
CVE-2000-0809,PUBLISHED,mitre,2001-01-22T05:00:00,N/A
CVE-2000-0810,PUBLISHED,mitre,2001-01-22T05:00:00,N/A
CVE-2000-0811,PUBLISHED,mitre,2001-01-22T05:00:00,N/A
CVE-2000-0812,PUBLISHED,mitre,2000-10-18T04:00:00,N/A
CVE-2000-0813,PUBLISHED,mitre,2001-01-22T05:00:00,N/A
CVE-2000-0816,PUBLISHED,mitre,2001-05-07T04:00:00,N/A
CVE-2000-0817,PUBLISHED,mitre,2000-11-29T05:00:00,N/A
CVE-2000-0818,PUBLISHED,mitre,2001-05-07T04:00:00,N/A
CVE-2000-0824,PUBLISHED,mitre,2001-01-22T05:00:00,N/A
CVE-2000-0825,PUBLISHED,mitre,2002-03-09T05:00:00,N/A
CVE-2000-0826,PUBLISHED,mitre,2000-10-18T04:00:00,N/A
CVE-2000-0827,PUBLISHED,mitre,2000-10-18T04:00:00,N/A
CVE-2000-0828,PUBLISHED,mitre,2000-10-18T04:00:00,N/A
CVE-2000-0829,PUBLISHED,mitre,2001-05-07T04:00:00,N/A
CVE-2000-0830,PUBLISHED,mitre,2002-03-09T05:00:00,N/A
CVE-2000-0831,PUBLISHED,mitre,2000-10-18T04:00:00,N/A
CVE-2000-0832,PUBLISHED,mitre,2000-10-18T04:00:00,N/A
CVE-2000-0833,PUBLISHED,mitre,2000-10-18T04:00:00,N/A
CVE-2000-0834,PUBLISHED,mitre,2001-01-22T05:00:00,N/A
CVE-2000-0835,PUBLISHED,mitre,2000-10-18T04:00:00,N/A
CVE-2000-0836,PUBLISHED,mitre,2000-10-18T04:00:00,N/A
CVE-2000-0837,PUBLISHED,mitre,2001-01-22T05:00:00,N/A
CVE-2000-0838,PUBLISHED,mitre,2002-03-09T05:00:00,N/A
CVE-2000-0839,PUBLISHED,mitre,2002-03-09T05:00:00,N/A
CVE-2000-0840,PUBLISHED,mitre,2000-10-18T04:00:00,N/A
CVE-2000-0841,PUBLISHED,mitre,2000-10-18T04:00:00,N/A
CVE-2000-0842,PUBLISHED,mitre,2000-10-18T04:00:00,N/A
CVE-2000-0843,PUBLISHED,mitre,2000-10-18T04:00:00,N/A
CVE-2000-0844,PUBLISHED,mitre,2001-01-22T05:00:00,N/A
CVE-2000-0845,PUBLISHED,mitre,2000-10-18T04:00:00,N/A
CVE-2000-0846,PUBLISHED,mitre,2001-01-22T05:00:00,N/A
CVE-2000-0847,PUBLISHED,mitre,2001-01-22T05:00:00,N/A
CVE-2000-0848,PUBLISHED,mitre,2001-01-22T05:00:00,N/A
CVE-2000-0849,PUBLISHED,mitre,2001-01-22T05:00:00,N/A
CVE-2000-0850,PUBLISHED,mitre,2001-01-22T05:00:00,N/A
CVE-2000-0851,PUBLISHED,mitre,2001-01-22T05:00:00,N/A
CVE-2000-0852,PUBLISHED,mitre,2001-01-22T05:00:00,N/A
CVE-2000-0853,PUBLISHED,mitre,2001-01-22T05:00:00,N/A
CVE-2000-0854,PUBLISHED,mitre,2001-05-07T04:00:00,N/A
CVE-2000-0855,PUBLISHED,mitre,2000-10-18T04:00:00,N/A
CVE-2000-0856,PUBLISHED,mitre,2001-05-07T04:00:00,N/A
CVE-2000-0857,PUBLISHED,mitre,2000-10-18T04:00:00,N/A
CVE-2000-0858,PUBLISHED,mitre,2001-01-22T05:00:00,N/A
CVE-2000-0859,PUBLISHED,mitre,2002-03-09T05:00:00,N/A
CVE-2000-0860,PUBLISHED,mitre,2001-01-22T05:00:00,N/A
CVE-2000-0861,PUBLISHED,mitre,2001-01-22T05:00:00,N/A
CVE-2000-0862,PUBLISHED,mitre,2001-01-22T05:00:00,N/A
CVE-2000-0863,PUBLISHED,mitre,2001-01-22T05:00:00,N/A
CVE-2000-0864,PUBLISHED,mitre,2001-01-22T05:00:00,N/A
CVE-2000-0865,PUBLISHED,mitre,2001-01-22T05:00:00,N/A
CVE-2000-0866,PUBLISHED,mitre,2000-10-18T04:00:00,N/A
CVE-2000-0867,PUBLISHED,mitre,2001-01-22T05:00:00,N/A
CVE-2000-0868,PUBLISHED,mitre,2001-01-22T05:00:00,N/A
CVE-2000-0869,PUBLISHED,mitre,2001-01-22T05:00:00,N/A
CVE-2000-0870,PUBLISHED,mitre,2001-01-22T05:00:00,N/A
CVE-2000-0871,PUBLISHED,mitre,2001-01-22T05:00:00,N/A
CVE-2000-0872,PUBLISHED,mitre,2000-10-18T04:00:00,N/A
CVE-2000-0873,PUBLISHED,mitre,2001-01-22T05:00:00,N/A
CVE-2000-0874,PUBLISHED,mitre,2001-05-07T04:00:00,N/A
CVE-2000-0875,PUBLISHED,mitre,2001-05-07T04:00:00,N/A
CVE-2000-0876,PUBLISHED,mitre,2001-05-07T04:00:00,N/A
CVE-2000-0877,PUBLISHED,mitre,2001-09-18T04:00:00,N/A
CVE-2000-0878,PUBLISHED,mitre,2001-01-22T05:00:00,N/A
CVE-2000-0879,PUBLISHED,mitre,2000-10-18T04:00:00,N/A
CVE-2000-0880,PUBLISHED,mitre,2000-10-18T04:00:00,N/A
CVE-2000-0881,PUBLISHED,mitre,2000-10-18T04:00:00,N/A
CVE-2000-0882,PUBLISHED,mitre,2000-10-18T04:00:00,N/A
CVE-2000-0883,PUBLISHED,mitre,2001-01-22T05:00:00,N/A
CVE-2000-0884,PUBLISHED,mitre,2001-01-22T05:00:00,N/A
CVE-2000-0885,PUBLISHED,mitre,2000-11-29T05:00:00,N/A
CVE-2000-0886,PUBLISHED,mitre,2001-01-22T05:00:00,N/A
CVE-2000-0887,PUBLISHED,mitre,2001-01-22T05:00:00,N/A
CVE-2000-0888,PUBLISHED,mitre,2001-01-22T05:00:00,N/A
CVE-2000-0889,PUBLISHED,mitre,2001-02-02T05:00:00,N/A
CVE-2000-0890,PUBLISHED,mitre,2001-05-07T04:00:00,N/A
CVE-2000-0891,PUBLISHED,mitre,2002-03-09T05:00:00,N/A
CVE-2000-0892,PUBLISHED,mitre,2002-03-09T05:00:00,N/A
CVE-2000-0893,PUBLISHED,mitre,2001-02-02T05:00:00,N/A
CVE-2000-0894,PUBLISHED,mitre,2004-09-01T04:00:00,N/A
CVE-2000-0895,PUBLISHED,mitre,2004-09-01T04:00:00,N/A
CVE-2000-0896,PUBLISHED,mitre,2001-05-07T04:00:00,N/A
CVE-2000-0897,PUBLISHED,mitre,2001-09-18T04:00:00,N/A
CVE-2000-0898,PUBLISHED,mitre,2000-12-19T05:00:00,N/A
CVE-2000-0899,PUBLISHED,mitre,2000-12-19T05:00:00,N/A
CVE-2000-0900,PUBLISHED,mitre,2001-01-22T05:00:00,N/A
CVE-2000-0901,PUBLISHED,mitre,2001-01-22T05:00:00,N/A
CVE-2000-0902,PUBLISHED,mitre,2000-11-29T05:00:00,N/A
CVE-2000-0903,PUBLISHED,mitre,2000-11-29T05:00:00,N/A
CVE-2000-0904,PUBLISHED,mitre,2000-11-29T05:00:00,N/A
CVE-2000-0905,PUBLISHED,mitre,2000-11-29T05:00:00,N/A
CVE-2000-0906,PUBLISHED,mitre,2000-11-29T05:00:00,N/A
CVE-2000-0907,PUBLISHED,mitre,2000-11-29T05:00:00,N/A
CVE-2000-0908,PUBLISHED,mitre,2001-01-22T05:00:00,N/A
CVE-2000-0909,PUBLISHED,mitre,2001-01-22T05:00:00,N/A
CVE-2000-0910,PUBLISHED,mitre,2001-01-22T05:00:00,N/A
CVE-2000-0911,PUBLISHED,mitre,2001-01-22T05:00:00,N/A
CVE-2000-0912,PUBLISHED,mitre,2001-01-22T05:00:00,N/A
CVE-2000-0913,PUBLISHED,mitre,2001-01-22T05:00:00,N/A
CVE-2000-0914,PUBLISHED,mitre,2001-01-22T05:00:00,N/A
CVE-2000-0915,PUBLISHED,mitre,2001-01-22T05:00:00,N/A
CVE-2000-0916,PUBLISHED,mitre,2000-11-29T05:00:00,N/A
CVE-2000-0917,PUBLISHED,mitre,2001-01-22T05:00:00,N/A
CVE-2000-0918,PUBLISHED,mitre,2000-11-29T05:00:00,N/A
CVE-2000-0919,PUBLISHED,mitre,2001-01-22T05:00:00,N/A
CVE-2000-0920,PUBLISHED,mitre,2001-01-22T05:00:00,N/A
CVE-2000-0921,PUBLISHED,mitre,2001-01-22T05:00:00,N/A
CVE-2000-0922,PUBLISHED,mitre,2001-01-22T05:00:00,N/A
CVE-2000-0923,PUBLISHED,mitre,2001-01-22T05:00:00,N/A
CVE-2000-0924,PUBLISHED,mitre,2001-01-22T05:00:00,N/A
CVE-2000-0925,PUBLISHED,mitre,2001-01-22T05:00:00,N/A
CVE-2000-0926,PUBLISHED,mitre,2001-01-22T05:00:00,N/A
CVE-2000-0927,PUBLISHED,mitre,2001-05-07T04:00:00,N/A
CVE-2000-0928,PUBLISHED,mitre,2001-01-22T05:00:00,N/A
CVE-2000-0929,PUBLISHED,mitre,2001-01-22T05:00:00,N/A
CVE-2000-0930,PUBLISHED,mitre,2001-01-22T05:00:00,N/A
CVE-2000-0931,PUBLISHED,mitre,2000-11-29T05:00:00,N/A
CVE-2000-0932,PUBLISHED,mitre,2001-01-22T05:00:00,N/A
CVE-2000-0933,PUBLISHED,mitre,2001-01-22T05:00:00,N/A
CVE-2000-0934,PUBLISHED,mitre,2001-01-22T05:00:00,N/A
CVE-2000-0935,PUBLISHED,mitre,2001-01-22T05:00:00,N/A
CVE-2000-0936,PUBLISHED,mitre,2001-01-22T05:00:00,N/A
CVE-2000-0937,PUBLISHED,mitre,2001-01-22T05:00:00,N/A
CVE-2000-0938,PUBLISHED,mitre,2001-01-22T05:00:00,N/A
CVE-2000-0939,PUBLISHED,mitre,2000-11-29T05:00:00,N/A
CVE-2000-0940,PUBLISHED,mitre,2000-11-29T05:00:00,N/A
CVE-2000-0941,PUBLISHED,mitre,2001-01-22T05:00:00,N/A
CVE-2000-0942,PUBLISHED,mitre,2001-01-22T05:00:00,N/A
CVE-2000-0943,PUBLISHED,mitre,2001-01-22T05:00:00,N/A
CVE-2000-0944,PUBLISHED,mitre,2001-01-22T05:00:00,N/A
CVE-2000-0945,PUBLISHED,mitre,2001-09-18T04:00:00,N/A
CVE-2000-0946,PUBLISHED,mitre,2001-01-22T05:00:00,N/A
CVE-2000-0947,PUBLISHED,mitre,2001-01-22T05:00:00,N/A
CVE-2000-0948,PUBLISHED,mitre,2001-01-22T05:00:00,N/A
CVE-2000-0949,PUBLISHED,mitre,2001-01-22T05:00:00,N/A
CVE-2000-0950,PUBLISHED,mitre,2000-11-29T05:00:00,N/A
CVE-2000-0951,PUBLISHED,mitre,2001-01-22T05:00:00,N/A
CVE-2000-0952,PUBLISHED,mitre,2001-01-22T05:00:00,N/A
CVE-2000-0953,PUBLISHED,mitre,2001-01-22T05:00:00,N/A
CVE-2000-0954,PUBLISHED,mitre,2000-11-29T05:00:00,N/A
CVE-2000-0955,PUBLISHED,mitre,2000-11-29T05:00:00,N/A
CVE-2000-0956,PUBLISHED,mitre,2001-01-22T05:00:00,N/A
CVE-2000-0957,PUBLISHED,mitre,2001-01-22T05:00:00,N/A
CVE-2000-0958,PUBLISHED,mitre,2001-01-22T05:00:00,N/A
CVE-2000-0959,PUBLISHED,mitre,2001-01-22T05:00:00,N/A
CVE-2000-0960,PUBLISHED,mitre,2001-01-22T05:00:00,N/A
CVE-2000-0961,PUBLISHED,mitre,2001-01-22T05:00:00,N/A
CVE-2000-0962,PUBLISHED,mitre,2001-01-22T05:00:00,N/A
CVE-2000-0963,PUBLISHED,mitre,2000-11-29T05:00:00,N/A
CVE-2000-0964,PUBLISHED,mitre,2001-05-07T04:00:00,N/A
CVE-2000-0965,PUBLISHED,mitre,2001-01-22T05:00:00,N/A
CVE-2000-0966,PUBLISHED,mitre,2001-01-22T05:00:00,N/A
CVE-2000-0967,PUBLISHED,mitre,2001-01-22T05:00:00,N/A
CVE-2000-0968,PUBLISHED,mitre,2001-01-22T05:00:00,N/A
CVE-2000-0969,PUBLISHED,mitre,2001-01-22T05:00:00,N/A
CVE-2000-0970,PUBLISHED,mitre,2001-01-22T05:00:00,N/A
CVE-2000-0971,PUBLISHED,mitre,2000-11-29T05:00:00,N/A
CVE-2000-0972,PUBLISHED,mitre,2001-01-22T05:00:00,N/A
CVE-2000-0973,PUBLISHED,mitre,2001-01-22T05:00:00,N/A
CVE-2000-0974,PUBLISHED,mitre,2001-01-22T05:00:00,N/A
CVE-2000-0975,PUBLISHED,mitre,2001-01-22T05:00:00,N/A
CVE-2000-0976,PUBLISHED,mitre,2002-06-25T04:00:00,N/A
CVE-2000-0977,PUBLISHED,mitre,2001-01-22T05:00:00,N/A
CVE-2000-0978,PUBLISHED,mitre,2001-01-22T05:00:00,N/A
CVE-2000-0979,PUBLISHED,mitre,2001-01-22T05:00:00,N/A
CVE-2000-0980,PUBLISHED,mitre,2001-01-22T05:00:00,N/A
CVE-2000-0981,PUBLISHED,mitre,2001-01-22T05:00:00,N/A
CVE-2000-0982,PUBLISHED,mitre,2001-01-22T05:00:00,N/A
CVE-2000-0983,PUBLISHED,mitre,2001-01-22T05:00:00,N/A
CVE-2000-0984,PUBLISHED,mitre,2001-01-22T05:00:00,N/A
CVE-2000-0985,PUBLISHED,mitre,2000-11-29T05:00:00,N/A
CVE-2000-0986,PUBLISHED,mitre,2000-11-29T05:00:00,N/A
CVE-2000-0987,PUBLISHED,mitre,2000-11-29T05:00:00,N/A
CVE-2000-0988,PUBLISHED,mitre,2000-11-29T05:00:00,N/A
CVE-2000-0989,PUBLISHED,mitre,2001-01-22T05:00:00,N/A
CVE-2000-0990,PUBLISHED,mitre,2001-01-22T05:00:00,N/A
CVE-2000-0991,PUBLISHED,mitre,2001-01-22T05:00:00,N/A
CVE-2000-0992,PUBLISHED,mitre,2001-01-22T05:00:00,N/A
CVE-2000-0993,PUBLISHED,mitre,2001-01-22T05:00:00,N/A
CVE-2000-0994,PUBLISHED,mitre,2001-01-22T05:00:00,N/A
CVE-2000-0995,PUBLISHED,mitre,2001-01-22T05:00:00,N/A
CVE-2000-0996,PUBLISHED,mitre,2001-01-22T05:00:00,N/A
CVE-2000-0997,PUBLISHED,mitre,2000-11-29T05:00:00,N/A
CVE-2000-0998,PUBLISHED,mitre,2000-11-29T05:00:00,N/A
CVE-2000-0999,PUBLISHED,mitre,2000-11-29T05:00:00,N/A
CVE-2000-1000,PUBLISHED,mitre,2001-01-22T05:00:00,N/A
CVE-2000-1001,PUBLISHED,mitre,2001-01-22T05:00:00,N/A
CVE-2000-1002,PUBLISHED,mitre,2001-01-22T05:00:00,N/A
CVE-2000-1003,PUBLISHED,mitre,2001-01-22T05:00:00,N/A
CVE-2000-1004,PUBLISHED,mitre,2001-01-22T05:00:00,N/A
CVE-2000-1005,PUBLISHED,mitre,2001-01-22T05:00:00,N/A
CVE-2000-1006,PUBLISHED,mitre,2001-01-22T05:00:00,N/A
CVE-2000-1007,PUBLISHED,mitre,2001-01-22T05:00:00,N/A
CVE-2000-1008,PUBLISHED,mitre,2000-11-29T05:00:00,N/A
CVE-2000-1009,PUBLISHED,mitre,2000-11-29T05:00:00,N/A
CVE-2000-1010,PUBLISHED,mitre,2001-01-22T05:00:00,N/A
CVE-2000-1011,PUBLISHED,mitre,2001-01-22T05:00:00,N/A
CVE-2000-1012,PUBLISHED,mitre,2000-11-29T05:00:00,N/A
CVE-2000-1013,PUBLISHED,mitre,2000-11-29T05:00:00,N/A
CVE-2000-1014,PUBLISHED,mitre,2001-01-22T05:00:00,N/A
CVE-2000-1015,PUBLISHED,mitre,2000-11-29T05:00:00,N/A
CVE-2000-1016,PUBLISHED,mitre,2001-01-22T05:00:00,N/A
CVE-2000-1017,PUBLISHED,mitre,2000-11-29T05:00:00,N/A
CVE-2000-1018,PUBLISHED,mitre,2001-01-22T05:00:00,N/A
CVE-2000-1019,PUBLISHED,mitre,2001-01-22T05:00:00,N/A
CVE-2000-1020,PUBLISHED,mitre,2000-11-29T05:00:00,N/A
CVE-2000-1021,PUBLISHED,mitre,2000-11-29T05:00:00,N/A
CVE-2000-1022,PUBLISHED,mitre,2001-01-22T05:00:00,N/A
CVE-2000-1023,PUBLISHED,mitre,2000-11-29T05:00:00,N/A
CVE-2000-1024,PUBLISHED,mitre,2001-01-22T05:00:00,N/A
CVE-2000-1025,PUBLISHED,mitre,2000-11-29T05:00:00,N/A
CVE-2000-1026,PUBLISHED,mitre,2001-01-22T05:00:00,N/A
CVE-2000-1027,PUBLISHED,mitre,2001-01-22T05:00:00,N/A
CVE-2000-1028,PUBLISHED,mitre,2000-11-29T05:00:00,N/A
CVE-2000-1029,PUBLISHED,mitre,2000-11-29T05:00:00,N/A
CVE-2000-1030,PUBLISHED,mitre,2000-11-29T05:00:00,N/A
CVE-2000-1031,PUBLISHED,mitre,2001-01-22T05:00:00,N/A
CVE-2000-1032,PUBLISHED,mitre,2001-01-22T05:00:00,N/A
CVE-2000-1033,PUBLISHED,mitre,2000-11-29T05:00:00,N/A
CVE-2000-1034,PUBLISHED,mitre,2001-01-22T05:00:00,N/A
CVE-2000-1035,PUBLISHED,mitre,2000-11-29T05:00:00,N/A
CVE-2000-1036,PUBLISHED,mitre,2001-01-22T05:00:00,N/A
CVE-2000-1037,PUBLISHED,mitre,2000-11-29T05:00:00,N/A
CVE-2000-1038,PUBLISHED,mitre,2001-01-22T05:00:00,N/A
CVE-2000-1039,PUBLISHED,mitre,2000-12-19T05:00:00,N/A
CVE-2000-1040,PUBLISHED,mitre,2001-01-22T05:00:00,N/A
CVE-2000-1041,PUBLISHED,mitre,2001-01-22T05:00:00,N/A
CVE-2000-1042,PUBLISHED,mitre,2001-01-22T05:00:00,N/A
CVE-2000-1043,PUBLISHED,mitre,2001-01-22T05:00:00,N/A
CVE-2000-1044,PUBLISHED,mitre,2001-01-22T05:00:00,N/A
CVE-2000-1045,PUBLISHED,mitre,2001-01-22T05:00:00,N/A
CVE-2000-1046,PUBLISHED,mitre,2000-11-29T05:00:00,N/A
CVE-2000-1047,PUBLISHED,mitre,2001-09-18T04:00:00,N/A
CVE-2000-1048,PUBLISHED,mitre,2000-11-29T05:00:00,N/A
CVE-2000-1049,PUBLISHED,mitre,2001-01-22T05:00:00,N/A
CVE-2000-1050,PUBLISHED,mitre,2001-01-22T05:00:00,N/A
CVE-2000-1051,PUBLISHED,mitre,2001-01-22T05:00:00,N/A
CVE-2000-1052,PUBLISHED,mitre,2000-11-29T05:00:00,N/A
CVE-2000-1053,PUBLISHED,mitre,2000-11-29T05:00:00,N/A
CVE-2000-1054,PUBLISHED,mitre,2001-01-22T05:00:00,N/A
CVE-2000-1055,PUBLISHED,mitre,2001-01-22T05:00:00,N/A
CVE-2000-1056,PUBLISHED,mitre,2001-01-22T05:00:00,N/A
CVE-2000-1057,PUBLISHED,mitre,2001-01-22T05:00:00,N/A
CVE-2000-1058,PUBLISHED,mitre,2001-01-22T05:00:00,N/A
CVE-2000-1059,PUBLISHED,mitre,2001-01-22T05:00:00,N/A
CVE-2000-1060,PUBLISHED,mitre,2001-01-22T05:00:00,N/A
CVE-2000-1061,PUBLISHED,mitre,2001-01-22T05:00:00,N/A
CVE-2000-1062,PUBLISHED,mitre,2000-11-29T05:00:00,N/A
CVE-2000-1063,PUBLISHED,mitre,2000-11-29T05:00:00,N/A
CVE-2000-1064,PUBLISHED,mitre,2000-11-29T05:00:00,N/A
CVE-2000-1065,PUBLISHED,mitre,2000-11-29T05:00:00,N/A
CVE-2000-1066,PUBLISHED,mitre,2000-11-29T05:00:00,N/A
CVE-2000-1068,PUBLISHED,mitre,2001-01-22T05:00:00,N/A
CVE-2000-1069,PUBLISHED,mitre,2001-01-22T05:00:00,N/A
CVE-2000-1070,PUBLISHED,mitre,2001-01-22T05:00:00,N/A
CVE-2000-1071,PUBLISHED,mitre,2001-01-22T05:00:00,N/A
CVE-2000-1072,PUBLISHED,mitre,2001-01-22T05:00:00,N/A
CVE-2000-1073,PUBLISHED,mitre,2001-01-22T05:00:00,N/A
CVE-2000-1074,PUBLISHED,mitre,2001-01-22T05:00:00,N/A
CVE-2000-1075,PUBLISHED,mitre,2001-05-07T04:00:00,N/A
CVE-2000-1076,PUBLISHED,mitre,2000-11-29T05:00:00,N/A
CVE-2000-1077,PUBLISHED,mitre,2001-01-22T05:00:00,N/A
CVE-2000-1078,PUBLISHED,mitre,2000-11-29T05:00:00,N/A
CVE-2000-1079,PUBLISHED,mitre,2000-11-29T05:00:00,N/A
CVE-2000-1080,PUBLISHED,mitre,2001-01-22T05:00:00,N/A
CVE-2000-1081,PUBLISHED,mitre,2000-12-19T05:00:00,N/A
CVE-2000-1082,PUBLISHED,mitre,2000-12-19T05:00:00,N/A
CVE-2000-1083,PUBLISHED,mitre,2000-12-19T05:00:00,N/A
CVE-2000-1084,PUBLISHED,mitre,2000-12-19T05:00:00,N/A
CVE-2000-1085,PUBLISHED,mitre,2000-12-19T05:00:00,N/A
CVE-2000-1086,PUBLISHED,mitre,2000-12-19T05:00:00,N/A
CVE-2000-1087,PUBLISHED,mitre,2000-12-19T05:00:00,N/A
CVE-2000-1088,PUBLISHED,mitre,2000-12-19T05:00:00,N/A
CVE-2000-1089,PUBLISHED,mitre,2001-01-22T05:00:00,N/A
CVE-2000-1090,PUBLISHED,mitre,2001-02-02T05:00:00,N/A
CVE-2000-1092,PUBLISHED,mitre,2000-12-19T05:00:00,N/A
CVE-2000-1093,PUBLISHED,mitre,2000-12-19T05:00:00,N/A
CVE-2000-1094,PUBLISHED,mitre,2001-01-22T05:00:00,N/A
CVE-2000-1095,PUBLISHED,mitre,2001-01-22T05:00:00,N/A
CVE-2000-1096,PUBLISHED,mitre,2001-01-22T05:00:00,N/A
CVE-2000-1097,PUBLISHED,mitre,2001-01-22T05:00:00,N/A
CVE-2000-1098,PUBLISHED,mitre,2000-12-19T05:00:00,N/A
CVE-2000-1099,PUBLISHED,mitre,2001-01-22T05:00:00,N/A
CVE-2000-1100,PUBLISHED,mitre,2000-12-19T05:00:00,N/A
CVE-2000-1101,PUBLISHED,mitre,2002-03-09T05:00:00,N/A
CVE-2000-1102,PUBLISHED,mitre,2000-12-19T05:00:00,N/A
CVE-2000-1103,PUBLISHED,mitre,2000-12-19T05:00:00,N/A
CVE-2000-1104,PUBLISHED,mitre,2000-12-19T05:00:00,N/A
CVE-2000-1105,PUBLISHED,mitre,2000-12-19T05:00:00,N/A
CVE-2000-1106,PUBLISHED,mitre,2001-01-22T05:00:00,N/A
CVE-2000-1107,PUBLISHED,mitre,2001-01-22T05:00:00,N/A
CVE-2000-1108,PUBLISHED,mitre,2001-05-07T04:00:00,N/A
CVE-2000-1109,PUBLISHED,mitre,2001-05-07T04:00:00,N/A
CVE-2000-1110,PUBLISHED,mitre,2000-12-19T05:00:00,N/A
CVE-2000-1111,PUBLISHED,mitre,2002-03-09T05:00:00,N/A
CVE-2000-1112,PUBLISHED,mitre,2001-01-22T05:00:00,N/A
CVE-2000-1113,PUBLISHED,mitre,2001-01-22T05:00:00,N/A
CVE-2000-1114,PUBLISHED,mitre,2000-12-19T05:00:00,N/A
CVE-2000-1115,PUBLISHED,mitre,2001-01-22T05:00:00,N/A
CVE-2000-1116,PUBLISHED,mitre,2000-12-19T05:00:00,N/A
CVE-2000-1117,PUBLISHED,mitre,2000-12-19T05:00:00,N/A
CVE-2000-1118,PUBLISHED,mitre,2000-12-19T05:00:00,N/A
CVE-2000-1119,PUBLISHED,mitre,2001-05-07T04:00:00,N/A
CVE-2000-1120,PUBLISHED,mitre,2001-01-22T05:00:00,N/A
CVE-2000-1121,PUBLISHED,mitre,2001-05-07T04:00:00,N/A
CVE-2000-1122,PUBLISHED,mitre,2001-05-07T04:00:00,N/A
CVE-2000-1123,PUBLISHED,mitre,2001-05-07T04:00:00,N/A
CVE-2000-1124,PUBLISHED,mitre,2001-05-07T04:00:00,N/A
CVE-2000-1125,PUBLISHED,mitre,2000-12-19T05:00:00,N/A
CVE-2000-1126,PUBLISHED,mitre,2000-12-19T05:00:00,N/A
CVE-2000-1127,PUBLISHED,mitre,2000-12-19T05:00:00,N/A
CVE-2000-1128,PUBLISHED,mitre,2000-12-19T05:00:00,N/A
CVE-2000-1129,PUBLISHED,mitre,2000-12-19T05:00:00,N/A
CVE-2000-1130,PUBLISHED,mitre,2000-12-19T05:00:00,N/A
CVE-2000-1131,PUBLISHED,mitre,2001-01-22T05:00:00,N/A
CVE-2000-1132,PUBLISHED,mitre,2001-01-22T05:00:00,N/A
CVE-2000-1133,PUBLISHED,mitre,2000-12-19T05:00:00,N/A
CVE-2000-1134,PUBLISHED,mitre,2000-12-19T05:00:00,N/A
CVE-2000-1135,PUBLISHED,mitre,2001-01-22T05:00:00,N/A
CVE-2000-1136,PUBLISHED,mitre,2001-01-22T05:00:00,N/A
CVE-2000-1137,PUBLISHED,mitre,2001-01-22T05:00:00,N/A
CVE-2000-1138,PUBLISHED,mitre,2000-12-19T05:00:00,N/A
CVE-2000-1139,PUBLISHED,mitre,2001-01-22T05:00:00,N/A
CVE-2000-1140,PUBLISHED,mitre,2001-01-22T05:00:00,N/A
CVE-2000-1141,PUBLISHED,mitre,2001-01-22T05:00:00,N/A
CVE-2000-1142,PUBLISHED,mitre,2001-01-22T05:00:00,N/A
CVE-2000-1143,PUBLISHED,mitre,2001-01-22T05:00:00,N/A
CVE-2000-1144,PUBLISHED,mitre,2001-01-22T05:00:00,N/A
CVE-2000-1145,PUBLISHED,mitre,2001-01-22T05:00:00,N/A
CVE-2000-1146,PUBLISHED,mitre,2001-01-22T05:00:00,N/A
CVE-2000-1147,PUBLISHED,mitre,2000-12-19T05:00:00,N/A
CVE-2000-1148,PUBLISHED,mitre,2001-01-22T05:00:00,N/A
CVE-2000-1149,PUBLISHED,mitre,2001-01-22T05:00:00,N/A
CVE-2000-1150,PUBLISHED,mitre,2000-12-19T05:00:00,N/A
CVE-2000-1151,PUBLISHED,mitre,2000-12-19T05:00:00,N/A
CVE-2000-1152,PUBLISHED,mitre,2000-12-19T05:00:00,N/A
CVE-2000-1153,PUBLISHED,mitre,2000-12-19T05:00:00,N/A
CVE-2000-1154,PUBLISHED,mitre,2000-12-19T05:00:00,N/A
CVE-2000-1155,PUBLISHED,mitre,2000-12-19T05:00:00,N/A
CVE-2000-1156,PUBLISHED,mitre,2000-12-19T05:00:00,N/A
CVE-2000-1157,PUBLISHED,mitre,2000-12-19T05:00:00,N/A
CVE-2000-1158,PUBLISHED,mitre,2000-12-19T05:00:00,N/A
CVE-2000-1159,PUBLISHED,mitre,2000-12-19T05:00:00,N/A
CVE-2000-1160,PUBLISHED,mitre,2000-12-19T05:00:00,N/A
CVE-2000-1161,PUBLISHED,mitre,2000-12-19T05:00:00,N/A
CVE-2000-1162,PUBLISHED,mitre,2001-01-22T05:00:00,N/A
CVE-2000-1163,PUBLISHED,mitre,2001-01-22T05:00:00,N/A
CVE-2000-1164,PUBLISHED,mitre,2001-05-07T04:00:00,N/A
CVE-2000-1165,PUBLISHED,mitre,2001-05-07T04:00:00,N/A
CVE-2000-1166,PUBLISHED,mitre,2002-06-25T04:00:00,N/A
CVE-2000-1167,PUBLISHED,mitre,2001-01-22T05:00:00,N/A
CVE-2000-1168,PUBLISHED,mitre,2000-12-19T05:00:00,N/A
CVE-2000-1169,PUBLISHED,mitre,2001-01-22T05:00:00,N/A
CVE-2000-1170,PUBLISHED,mitre,2001-05-07T04:00:00,N/A
CVE-2000-1171,PUBLISHED,mitre,2001-05-07T04:00:00,N/A
CVE-2000-1172,PUBLISHED,mitre,2000-12-19T05:00:00,N/A
CVE-2000-1173,PUBLISHED,mitre,2000-12-19T05:00:00,N/A
CVE-2000-1174,PUBLISHED,mitre,2001-05-07T04:00:00,N/A
CVE-2000-1175,PUBLISHED,mitre,2000-12-19T05:00:00,N/A
CVE-2000-1176,PUBLISHED,mitre,2000-12-19T05:00:00,N/A
CVE-2000-1177,PUBLISHED,mitre,2000-12-19T05:00:00,N/A
CVE-2000-1178,PUBLISHED,mitre,2001-01-22T05:00:00,N/A
CVE-2000-1179,PUBLISHED,mitre,2001-01-22T05:00:00,N/A
CVE-2000-1180,PUBLISHED,mitre,2001-05-07T04:00:00,N/A
CVE-2000-1181,PUBLISHED,mitre,2001-01-22T05:00:00,N/A
CVE-2000-1182,PUBLISHED,mitre,2001-01-22T05:00:00,N/A
CVE-2000-1183,PUBLISHED,mitre,2000-12-19T05:00:00,N/A
CVE-2000-1184,PUBLISHED,mitre,2001-01-22T05:00:00,N/A
CVE-2000-1185,PUBLISHED,mitre,2000-12-19T05:00:00,N/A
CVE-2000-1186,PUBLISHED,mitre,2000-12-19T05:00:00,N/A
CVE-2000-1187,PUBLISHED,mitre,2001-01-22T05:00:00,N/A
CVE-2000-1188,PUBLISHED,mitre,2000-12-19T05:00:00,N/A
CVE-2000-1189,PUBLISHED,mitre,2001-01-22T05:00:00,N/A
CVE-2000-1190,PUBLISHED,mitre,2002-03-09T05:00:00,N/A
CVE-2000-1191,PUBLISHED,mitre,2001-09-12T04:00:00,N/A
CVE-2000-1192,PUBLISHED,mitre,2001-09-12T04:00:00,N/A
CVE-2000-1193,PUBLISHED,mitre,2002-06-25T04:00:00,N/A
CVE-2000-1194,PUBLISHED,mitre,2001-09-12T04:00:00,N/A
CVE-2000-1195,PUBLISHED,mitre,2002-03-09T05:00:00,N/A
CVE-2000-1196,PUBLISHED,mitre,2002-03-09T05:00:00,N/A
CVE-2000-1197,PUBLISHED,mitre,2001-09-12T04:00:00,N/A
CVE-2000-1198,PUBLISHED,mitre,2001-09-12T04:00:00,N/A
CVE-2000-1199,PUBLISHED,mitre,2001-09-12T04:00:00,N/A
CVE-2000-1200,PUBLISHED,mitre,2002-03-09T05:00:00,N/A
CVE-2000-1201,PUBLISHED,mitre,2001-09-12T04:00:00,N/A
CVE-2000-1202,PUBLISHED,mitre,2001-09-12T04:00:00,N/A
CVE-2000-1203,PUBLISHED,mitre,2004-09-01T04:00:00,N/A
CVE-2000-1204,PUBLISHED,mitre,2002-08-31T04:00:00,N/A
CVE-2000-1205,PUBLISHED,mitre,2002-08-31T04:00:00,N/A
CVE-2000-1206,PUBLISHED,mitre,2002-08-31T04:00:00,N/A
CVE-2000-1207,PUBLISHED,mitre,2002-07-31T04:00:00,N/A
CVE-2000-1208,PUBLISHED,mitre,2002-08-01T04:00:00,N/A
CVE-2000-1209,PUBLISHED,mitre,2002-08-10T04:00:00,N/A
CVE-2000-1210,PUBLISHED,mitre,2003-04-02T05:00:00,N/A
CVE-2000-1211,PUBLISHED,mitre,2003-04-02T05:00:00,N/A
CVE-2000-1212,PUBLISHED,mitre,2003-04-02T05:00:00,N/A
CVE-2000-1213,PUBLISHED,mitre,2002-08-31T04:00:00,N/A
CVE-2000-1214,PUBLISHED,mitre,2002-08-31T04:00:00,N/A
CVE-2000-1215,PUBLISHED,mitre,2005-04-21T04:00:00,N/A
CVE-2000-1216,PUBLISHED,mitre,2005-04-21T04:00:00,N/A
CVE-2000-1217,PUBLISHED,mitre,2005-04-21T04:00:00,N/A
CVE-2000-1218,PUBLISHED,mitre,2005-04-21T04:00:00,N/A
CVE-2000-1219,PUBLISHED,mitre,2022-10-03T16:22:30,N/A
CVE-2000-1220,PUBLISHED,mitre,2005-04-21T04:00:00,N/A
CVE-2000-1221,PUBLISHED,mitre,2005-04-21T04:00:00,N/A
CVE-2000-1222,PUBLISHED,mitre,2005-04-21T04:00:00,N/A
CVE-2000-1223,PUBLISHED,mitre,2022-10-03T16:22:30,N/A
CVE-2000-1224,PUBLISHED,mitre,2005-05-19T04:00:00,N/A
CVE-2000-1225,PUBLISHED,mitre,2005-06-21T04:00:00,N/A
CVE-2000-1226,PUBLISHED,mitre,2022-10-03T16:22:30,N/A
CVE-2000-1227,PUBLISHED,mitre,2022-10-03T16:22:30,N/A
CVE-2000-1228,PUBLISHED,mitre,2005-07-14T04:00:00,N/A
CVE-2000-1229,PUBLISHED,mitre,2022-10-03T16:22:29,N/A
CVE-2000-1230,PUBLISHED,mitre,2022-10-03T16:22:29,N/A
CVE-2000-1231,PUBLISHED,mitre,2022-10-03T16:22:30,N/A
CVE-2000-1232,PUBLISHED,mitre,2022-10-03T16:22:30,N/A
CVE-2000-1233,PUBLISHED,mitre,2005-07-14T04:00:00,N/A
CVE-2000-1234,PUBLISHED,mitre,2022-10-03T16:22:29,N/A
CVE-2000-1235,PUBLISHED,mitre,2022-10-03T16:22:30,N/A
CVE-2000-1236,PUBLISHED,mitre,2005-07-14T04:00:00,N/A
CVE-2000-1237,PUBLISHED,mitre,2022-10-03T16:22:30,N/A
CVE-2000-1238,PUBLISHED,mitre,2005-11-16T21:17:00,N/A
CVE-2000-1239,PUBLISHED,mitre,2006-03-15T17:00:00,N/A
CVE-2000-1240,PUBLISHED,mitre,2006-03-23T11:00:00,N/A
CVE-2000-1241,PUBLISHED,mitre,2006-09-13T22:00:00,N/A
CVE-2000-1242,PUBLISHED,mitre,2022-10-03T16:22:29,N/A
CVE-2000-1243,PUBLISHED,mitre,2007-06-06T10:00:00,N/A
CVE-2000-1244,PUBLISHED,mitre,2022-10-03T16:22:30,N/A
CVE-2000-1245,PUBLISHED,mitre,2022-10-03T16:22:29,N/A
CVE-2000-1246,PUBLISHED,mitre,2022-10-03T16:22:29,N/A
CVE-2000-1247,PUBLISHED,mitre,2011-10-05T01:00:00,N/A
CVE-2000-1254,PUBLISHED,mitre,2016-05-05T01:00:00,N/A
